delphi,c#
sql-server,c#
ms-access,c#
vb.net,c#
ruby,c#
objective-c,c#
git,c#
php,c#
javascript,c#
vb6,c#
mono,c#
iphone,c#
visual-studio,c#
postgresql,c#
wpf,c#
wcf,c#
asmx,c#
sqlite,c#
ada,c#
apache-flex,c#
powershell,c#
inno-setup,c#
xna,c#
symfony1,c#
magento,c#
selenium,c#
windows,c#
winapi,c#
qt,c#
vba,c#
excel,c#
vbscript,c#
prism,c#
wix,c#
windbg,c#
wcf,c#
xna,c#
prism,c#
batch-file,c#
windows-desktop-gadgets,c#
delphi,c#
winapi,c#
websync,c#
canvas,c#
wix,c#
mfc,c#
mfc,c#
allegro,c#
allegro,c#
winforms,c#
winforms,c#
sharepoint,c#
npapi,c#
powerpoint,c#
wxwidgets,c#
tortoisesvn,c#
vst,c#
mongodb-php,c#
matplotlib,c#
pixelsense,c#
sos,c#
accessibility,c#
windows-services,c#
async-await,c#
devexpress,c#
silverlight,c#
expression-blend,c#
expression-blend,c#
node.js,c#
vcl,c#
com,c#
ctypes,c#
opencv,c#
wif,c#
wif,c#
google-chrome,c#
hebrew,c#
quickbooks,c#
quickbooks,c#
delphi-2010,c#
xaml,c#
xaml,c#
c++builder,c#
phing,c#
string,c#
tortoisehg,c#
iis,c#
gstreamer,c#
json.net,c#
x86,c#
gedit,c#
azure,c#
internet-explorer-6,c#
api,c#
cocos2d-iphone,c#
blackberry,c#
jenkins,c#
infragistics,c#
sfml,c#
xmllite,c#
netbeans,c#
autoit,c#
azure-storage,c#
pdb-files,c#
flyway,c#
fiddler,c#
mvvm,c#
idisposable,c#
debugging,c#
pygtk,c#
silverlight-4.0,c#
imagemagick,c#
scrapy,c#
cygwin,c#
cygwin,c#
wwsapi,c#
visual-studio-2008,c#
sdl,c#
zip,c#
notepad++,c#
mdt,c#
sql-server-2008,c#
rhodes,c#
rhodes,c#
azman,c#
svnbridge,c#
ironpython,c#
gradle,c#
bash,c#
sql-server-ce,c#
msmq,c#
google-earth-plugin,c#
google-earth-plugin,c#
libevent,c#
libevent,c#
dynamics-crm-2011,c#
telerik,c#
firebreath,c#
adb,c#
clr,c#
dll,c#
dll,c#
garbage-collection,c#
iis-7,c#
jet,c#
winpcap,c#
winpcap,c#
console-application,c#
doxygen,c#
psycopg2,c#
ms-word,c#
jar,c#
activex,c#
winsock,c#
winsock,c#
tkinter,c#
bing-maps,c#
unity3d,c#
listview,c#
ssis,c#
datagridview,c#
pthreads,c#
ravendb,c#
com+,c#
class,c#
wmi,c#
mts,c#
rabbitmq,c#
platform-builder,c#
sas,c#
mvvm-light,c#
mvvm-light,c#
data-binding,c#
bindingsource,c#
clarion,c#
autohotkey,c#
glut,c#
glut,c#
glib,c#
spy++,c#
portable-class-library,c#
expression-encoder,c#
directx,c#
realbasic,c#
gdb,c#
pyqt,c#
pyqt,c#
nbehave,c#
pyqt4,c#
csla,c#
py2exe,c#
gnuplot,c#
activereports,c#
activereports,c#
pywin32,c#
pywin32,c#
wtl,c#
engineyard,c#
dependency-properties,c#
minidump,c#
xna-4.0,c#
visual-studio-lightswitch,c#
wsh,c#
automationelement,c#
p4merge,c#
appcelerator-mobile,c#
appcelerator,c#
bde,c#
psake,c#
psake,c#
internet-explorer-9,c#
prism-4,c#
iis-6,c#
z-index,c#
scripting,c#
naudio,c#
psexec,c#
workflow-foundation-4,c#
workflow-foundation-4,c#
jquery-ui-dialog,c#
strophe,c#
office365,c#
microsoft-expression-web,c#
script#,c#
mysql-workbench,c#
datetime,c#
corona,c#
corona,c#
jframe,c#
dia,c#
visualstatemanager,c#
topshelf,c#
topshelf,c#
event-based-programming,c#
internet-explorer-8,c#
libcurl,c#
directshow,c#
directshow,c#
silverlight-5.0,c#
documentviewer,c#
mapi,c#
haxe,c#
gdlib,c#
python-sphinx,c#
unison,c#
unison,c#
msxml,c#
bitbucket,c#
atl,c#
simple-injector,c#
simple-injector,c#
clickonce,c#
character-encoding,c#
timezone,c#
reactiveui,c#
msysgit,c#
airplay,c#
smf,c#
tk,c#
vtk,c#
acs,c#
openstack,c#
loadrunner,c#
webbrowser-control,c#
apache2,c#
ssh,c#
xna-math-library,c#
.net-remoting,c#
.emf,c#
observablecollection,c#
py2app,c#
coolstorage,c#
positioning,c#
mirc,c#
exchangewebservices,c#
ksh,c#
azure-vm-role,c#
azure-web-roles,c#
timer,c#
special-folders,c#
datacontext,c#
azure-diagnostics,c#
pycharm,c#
googletest,c#
acm,c#
powerdesigner,c#
scriptom,c#
clipper,c#
abcpdf,c#
avalondock,c#
avalondock,c#
ntlm,c#
in-app-purchase,c#
windows-8,c#
microsoft-metro,c#
opentk,c#
java-8,c#
sqlanywhere,c#
unixodbc,c#
unixodbc,c#
ntdll,c#
ntdll,c#
windows-ribbon-framework,c#
windows-ribbon-framework,c#
allegro5,c#
sql-server-agent,c#
imultivalueconverter,c#
multibinding,c#
ivalueconverter,c#
mingw,c#
desktop.ini,c#
navicat,c#
winmerge,c#
winmerge,c#
dokan,c#
mojoportal,c#
workflow-foundation,c#
fmod,c#
reportviewer,c#
resourcedictionary,c#
mozart,c#
windows-phone-7.1,c#
wpf-controls,c#
dynamics-gp,c#
soundmanager2,c#
googlemock,c#
vfw,c#
vfw,c#
popup,c#
dev-c++,c#
tridion,c#
dllimport,c#
setupapi,c#
setupapi,c#
push-notification,c#
push-notification,c#
edsdk,c#
mschart,c#
mschart,c#
luajit,c#
luajit,c#
gdi,c#
gdi,c#
shadowbox,c#
iis-7.5,c#
pyhook,c#
hierarchicaldatatemplate,c#
controltemplate,c#
vspackage,c#
winhttp,c#
winhttp,c#
tbb,c#
fullscreen,c#
rhomobile,c#
ntfs,c#
system.drawing,c#
readdirectorychangesw,c#
visual-c++-6,c#
netbeans6.5,c#
netbeans6.8,c#
netbeans6.7,c#
netbeans-6.9,c#
netbeans6.1,c#
triggers,c#
javafx-2,c#
masm,c#
cran,c#
windows-phone,c#
stata,c#
sterling-db,c#
was,c#
firemonkey,c#
irc,c#
wininet,c#
wininet,c#
powershell-provider,c#
find,c#
tor,c#
wma,c#
mmapi,c#
crontab,c#
mfc-feature-pack,c#
zabbix,c#
tapi,c#
tapi,c#
balloon-tip,c#
freeswitch,c#
buildmaster,c#
asf,c#
inkcanvas,c#
delphi-xe2,c#
mapserver,c#
evopdf,c#
etw,c#
instagram,c#
coded-ui-tests,c#
outlook-addin,c#
windows-runtime,c#
directx-11,c#
directx-11,c#
slick2d,c#
isql,c#
lync,c#
c++-cx,c#
freeimage,c#
imapx,c#
k2,c#
c++-amp,c#
c++-amp,c#
codec,c#
direct3d11,c#
direct3d11,c#
blend,c#
mks,c#
winnovative,c#
esent,c#
extensible-storage-engine,c#
oauth-2.0,c#
splitcontainer,c#
coldfusionbuilder,c#
javap,c#
ildasm,c#
setup-project,c#
mathgl,c#
mathgl,c#
setcurrentvalue,c#
solidworks,c#
meld,c#
cocos2d-python,c#
cocos2d-python,c#
sikuli,c#
sikuli,c#
storyboard,c#
remoting,c#
libgdx,c#
libgdx,c#
ui-spy,c#
freebasic,c#
freebasic,c#
hta,c#
winavr,c#
avr-gcc,c#
rautomation,c#
fltk,c#
internet-explorer-10,c#
apple-tv,c#
designer,c#
xll,c#
pywinauto,c#
txf,c#
titanium-mobile,c#
sencha-touch-2,c#
cng,c#
add-in,c#
regedit,c#
regedit,c#
trackbar,c#
princexml,c#
groupwise,c#
jscript,c#
xbuild,c#
game-maker,c#
jedi,c#
file-descriptor,c#
wdf,c#
wdf,c#
named-pipes,c#
nswindow,c#
swi-prolog,c#
wmp,c#
wix3.5,c#
panorama-control,c#
visual-studio-express,c#
powershell-3.0,c#
git-extensions,c#
wix3.6,c#
wix2,c#
windows-media-encoder,c#
windows-media-encoder,c#
clearcase-automation,c#
mpich,c#
delphi-6,c#
tpm,c#
xaf,c#
shoes,c#
wmic,c#
caml,c#
componentart,c#
componentart,c#
hlsl,c#
pcap,c#
openfiledialog,c#
ida,c#
advanced-installer,c#
advanced-installer,c#
xib,c#
devforce,c#
dbvisualizer,c#
dbvisualizer,c#
corflags,c#
pdftk,c#
activeqt,c#
pyinstaller,c#
pyinstaller,c#
plot,c#
staticresource,c#
microsoft-ui-automation,c#
windowsformshost,c#
msys,c#
msys,c#
white,c#
rapidsvn,c#
cinder,c#
minifilter,c#
bluedragon,c#
.net-micro-framework,c#
libpcap,c#
subprocess,c#
mupdf,c#
ogre,c#
image-resizing,c#
kivy,c#
tizen,c#
sendkeys,c#
libuv,c#
frameworkelementfactory,c#
wic,c#
sortdirection,c#
.net-3.0,c#
smartgit,c#
virtualizingstackpanel,c#
spork,c#
juce,c#
juce,c#
utorrent,c#
xtragrid,c#
zbar-sdk,c#
sendmessage,c#
datastage,c#
side-by-side,c#
love2d,c#
love2d,c#
jcifs,c#
gtk2hs,c#
asp.net-web-api,c#
uiapplication,c#
xmp,c#
winjs,c#
winjs,c#
telligent,c#
dhtmlx,c#
avrdude,c#
bluecove,c#
process-explorer,c#
process-explorer,c#
qdockwidget,c#
windows-scripting,c#
hyperic,c#
drawstring,c#
wikitude,c#
ultidev,c#
cryptoapi,c#
cryptoapi,c#
nsdocument,c#
datagridheaderborder,c#
windows-store,c#
windows-store,c#
wasapi,c#
wasapi,c#
glew,c#
infowindow,c#
codenameone,c#
winscp,c#
excel-vba-mac,c#
excel-vba-mac,c#
targettype,c#
cordova,c#
pygui,c#
revit,c#
tabcontrol,c#
unmanaged,c#
picturebox,c#
wfp,c#
.net-cf-3.5,c#
araxis,c#
araxis,c#
fsutil,c#
netstat,c#
netstat,c#
pyodbc,c#
whatsapp,c#
azureservicebus,c#
cubrid,c#
mobile-broadband-api,c#
mobile-broadband-api,c#
jpcap,c#
iocp,c#
dropbox-api,c#
aggpas,c#
aggpas,c#
dataflex,c#
excel-addins,c#
sharp-snmp,c#
sharp-snmp,c#
event-store,c#
mpc,c#
regsvr32,c#
activation-context-api,c#
activation-context-api,c#
fmj,c#
sql-server-2012-express,c#
portaudio,c#
ms-media-foundation,c#
ms-media-foundation,c#
bugsense,c#
mvvmcross,c#
mvvmcross,c#
mlab,c#
binding-mode,c#
parse-platform,c#
parse-platform,c#
rstudio,c#
ndis,c#
ndis,c#
volume-shadow-service,c#
graphedit,c#
graphedit,c#
nodatime,c#
invokerequired,c#
jinfo,c#
monogame,c#
monogame,c#
libumem,c#
kanso,c#
winrt-xaml,c#
winrt-xaml,c#
intel-ipp,c#
intuit-partner-platform,c#
intuit-partner-platform,c#
stimulsoft,c#
filetable,c#
glfw,c#
glfw,c#
anchor,c#
snort,c#
calico,c#
jxl,c#
kol,c#
supervisord,c#
sitetemplate,c#
stp,c#
wp7test,c#
wp7test,c#
jdb,c#
launch4j,c#
xamarin,c#
qlocalsocket,c#
weinre,c#
visual-studio-2012,c#
jline,c#
next-generation-plugin,c#
adview,c#
adview,c#
sccm,c#
chocolatey,c#
chocolatey,c#
hosts,c#
geopy,c#
badimageformatexception,c#
miktex,c#
ras,c#
skipfish,c#
slash,c#
slash,c#
mingw-w64,c#
internet-explorer-5,c#
jnotify,c#
nmake,c#
iis-8,c#
asna-visual-rpg,c#
wmf,c#
thinktecture-ident-model,c#
thinktecture-ident-model,c#
windows-phone-8,c#
cognos-tm1,c#
visual-c++-2012,c#
net-snmp,c#
wdk,c#
wdk,c#
custom-action,c#
custom-action,c#
resgen,c#
pdftotext,c#
geometric-arc,c#
python-idle,c#
rds,c#
azure-acs,c#
wcf-routing,c#
activecollab,c#
yajsw,c#
yajsw,c#
webrtc,c#
elementname,c#
converter,c#
basedon,c#
itemscontrol,c#
steam,c#
msiexec,c#
msiexec,c#
w3wp,c#
pyaudio,c#
wakanda,c#
intel-mkl,c#
mtp,c#
intel-mpi,c#
dmo,c#
winscard,c#
winscard,c#
shellexecute,c#
wcf-security,c#
qdialog,c#
opennetcf,c#
opennetcf,c#
pymol,c#
formborderstyle,c#
writeablebitmapex,c#
writeablebitmapex,c#
compiler-options,c#
savefiledialog,c#
monocross,c#
ieaddon,c#
luasocket,c#
git-tf,c#
git-tf,c#
mahapps.metro,c#
tombstoning,c#
hwnd,c#
hwnd,c#
skype4py,c#
skype4py,c#
windows-live-writer,c#
togglebutton,c#
appjs,c#
robocopy,c#
rendertargetbitmap,c#
rendertargetbitmap,c#
ipropertystorage,c#
phalcon,c#
web-platform-installer,c#
cocotron,c#
cocotron,c#
signalr.client,c#
ttimer,c#
ttimer,c#
longlistselector,c#
grid-layout,c#
service-reference,c#
flowlayoutpanel,c#
pouchdb,c#
postmortem-debugging,c#
imapi,c#
imapi,c#
windows-phone-7-emulator,c#
linq.js,c#
appfabric-cache,c#
xamarin.mobile,c#
xamarin.mobile,c#
mft,c#
libvirt,c#
azure-clouddrive,c#
windows-store-apps,c#
wpf-4.5,c#
mage,c#
io-completion-ports,c#
io-completion-ports,c#
raspbian,c#
azure-java-sdk,c#
application-verifier,c#
mt4,c#
gideros,c#
writablebitmap,c#
kinect.toolbox,c#
nme,c#
nme,c#
perfview,c#
direct3d10,c#
directfb,c#
codelite,c#
dotnetbar,c#
zbar,c#
google-chrome-app,c#
objectscript,c#
condition-variable,c#
ryzom,c#
acceptbutton,c#
createprocess,c#
driver-signing,c#
win64,c#
cyberduck,c#
callisto,c#
callisto,c#
windows-phone-8-emulator,c#
heroku-toolbelt,c#
adsi,c#
windows-server-2008-r2,c#
hyper-v,c#
umdf,c#
cisco-jtapi,c#
pik,c#
hmail-server,c#
storagefile,c#
explorer,c#
explorer,c#
maskedtextbox,c#
adium,c#
adorner,c#
fox-toolkit,c#
conemu,c#
dlltool,c#
dlltool,c#
pvs-studio,c#
pvs-studio,c#
rmic,c#
rjdbc,c#
agsxmpp,c#
alglib,c#
alglib,c#
dr-memory,c#
localdb,c#
regfreecom,c#
openkinect,c#
procmon,c#
procmon,c#
azure-storage-emulator,c#
azure-storage-emulator,c#
sharpbox,c#
sharpbox,c#
simple-openni,c#
wcftestclient,c#
wcftestclient,c#
hidapi,c#
hidapi,c#
winrm,c#
transitions,c#
g2log,c#
artoolkit,c#
blpapi,c#
libqxt,c#
pushsharp,c#
pushsharp,c#
odac,c#
okra-framework,c#
okra-framework,c#
bpl,c#
nvvp,c#
igrid,c#
egl,c#
perfmon,c#
perfmon,c#
xforms-betterform,c#
xforms-betterform,c#
jtemplates,c#
sharpdevelop,c#
blend-2012,c#
fluent-ribbon,c#
windows-nt,c#
cg-toolkit,c#
libspotify,c#
jrun,c#
netbeans-7.2,c#
mxe,c#
ocp-build,c#
raw-sockets,c#
textchanged,c#
clx,c#
clx,c#
visual-studio-macros,c#
google-api-dotnet-client,c#
cefsharp,c#
razorsql,c#
razorsql,c#
winrs,c#
directx-9,c#
installshield-2008,c#
windows-rt,c#
ini4j,c#
ini4j,c#
pox,c#
wsapi,c#
hardlink,c#
torque3d,c#
performance-monitor,c#
performance-monitor,c#
performancecounter,c#
jarsigner,c#
nod32,c#
apache-commons-config,c#
sublimetext3,c#
chaiscript,c#
waffle,c#
waffle,c#
jqmodal,c#
jqmodal,c#
netbeans-7.3,c#
winamp,c#
listpicker,c#
listpicker,c#
windows-media-player,c#
windows-media-player,c#
wpf-4.0,c#
wshttpbinding,c#
azure-mobile-services,c#
hidden-files,c#
browserstack,c#
fsck,c#
azure-virtual-machine,c#
winhelp,c#
cakephp-bake,c#
lanterna,c#
speedtracer,c#
dpapi,c#
azure-1.8,c#
winsql,c#
phundament,c#
fody,c#
bootstrapper,c#
winreg,c#
winreg,c#
showwindow,c#
showwindow,c#
defaultnetworkcredentials,c#
deviceiocontrol,c#
splitterpanel,c#
xlconnect,c#
powertab,c#
powertab,c#
gmock,c#
codewarrior,c#
gnat-gps,c#
discourse,c#
mscapi,c#
mscapi,c#
hp-uft,c#
rras,c#
kendo-mobile,c#
xbmc,c#
azure-sdk-.net,c#
qmdiarea,c#
sharepoint-clientobject,c#
lync-client-sdk,c#
windows-phone-voip,c#
bitblt,c#
enaml,c#
typelib,c#
control-m,c#
schtasks.exe,c#
visual-studio-package,c#
mpns,c#
azure-data-sync,c#
jdee,c#
openwsman,c#
zenoss,c#
appium,c#
wise,c#
opentok,c#
opentok,c#
docker,c#
docker,c#
wstring,c#
wstring,c#
dds-format,c#
flipview,c#
cimbalino,c#
cimbalino,c#
helix-3d-toolkit,c#
squish,c#
lightstreamer,c#
ipopt,c#
dbghelp,c#
installutil,c#
os-agnostic,c#
moq-rt,c#
canon-sdk,c#
androguard,c#
androguard,c#
acs-serviceidentity,c#
programmers-notepad,c#
wasabi,c#
xt,c#
jabaco,c#
arduino-ide,c#
minidumpwritedump,c#
minidumpwritedump,c#
wpd,c#
gpo,c#
beyondcompare,c#
wdm,c#
windows-phone-8-sdk,c#
apartments,c#
shell32.dll,c#
bcdedit,c#
taskkill,c#
sensenet,c#
zerobrane,c#
pdfclown,c#
avconv,c#
marmalade-edk,c#
sharepoint-workflow,c#
invokelater,c#
invokeandwait,c#
internet-explorer-11,c#
debugbreak,c#
gnuwin32,c#
wm-paint,c#
wm-paint,c#
kony,c#
mrtg,c#
monthcalendar,c#
xojo,c#
xojo,c#
sharpshell,c#
sharpshell,c#
signtool,c#
wix3.7,c#
wix3.7,c#
code-composer,c#
nncron,c#
xvcg,c#
xvcg,c#
firemonkey-fm3,c#
dllmain,c#
lpsolve,c#
sqlps,c#
listcollectionview,c#
azure-autoscaling-block,c#
azure-autoscaling-block,c#
texlipse,c#
xperf,c#
xperf,c#
dreamspark,c#
textblock,c#
windows-8.1,c#
mightymoose,c#
intercom.js,c#
intercom.js,c#
powergrep,c#
genymotion,c#
variant,c#
registry-virtualization,c#
tdbf,c#
zumero,c#
zumero,c#
rightscale,c#
gets,c#
gina,c#
gina,c#
pebl,c#
componentone,c#
componentone,c#
firewatir,c#
gitblit,c#
diffmerge,c#
diffmerge,c#
perl-express,c#
perl-express,c#
plone-3.x,c#
windows-phone-toolkit,c#
windows-phone-toolkit,c#
kinect-interaction,c#
kinect-interaction,c#
c++builder-xe4,c#
yagarto,c#
yagarto,c#
clsql,c#
openfl,c#
directxmath,c#
jscoverage,c#
direct-composition,c#
dalekjs,c#
gameplay3d,c#
lispworks,c#
z-machine,c#
ssh.net,c#
pageheap,c#
nt-native-api,c#
wpf-animation,c#
select-string,c#
get-childitem,c#
invoke-command,c#
copy-item,c#
pssnapin,c#
pssnapin,c#
powershell-4.0,c#
wptoolkit,c#
wptoolkit,c#
smartfoxserver,c#
ipp-qbd-sync,c#
gridsplitter,c#
chromium-tabs,c#
datagridcell,c#
sqlpackage,c#
single-source,c#
basichttpbinding,c#
bitmapsource,c#
advapi32,c#
advapi32,c#
always-on-top,c#
listlabel,c#
listlabel,c#
asp.net-authentication,c#
small-business-server,c#
windows-sbs,c#
appbar,c#
appbar,c#
kernel32,c#
azul-zulu,c#
azure-zulu,c#
xna-3.0,c#
valueconverter,c#
nana,c#
hello.js,c#
f#-charting,c#
servicebehavior,c#
kmdf,c#
wxformbuilder,c#
netbeans-7.4,c#
onenote,c#
onenote,c#
mediaelement,c#
selecteditem,c#
intel-xdk,c#
nokia-imaging-sdk,c#
background-agents,c#
background-agents,c#
accelerator,c#
shellexecuteex,c#
nvapi,c#
directwrite,c#
directwrite,c#
synedit,c#
filedialog,c#
readfile,c#
marmalade-quick,c#
system.speech.recognition,c#
system.speech.recognition,c#
videogular,c#
devextreme,c#
c++builder-2009,c#
c++builder-2009,c#
mapguide,c#
directx-10,c#
directx-10,c#
enterprise-library-6,c#
aws-cli,c#
windows-api-code-pack,c#
windows-api-code-pack,c#
cassia,c#
cassia,c#
gyazowin,c#
keyhelp,c#
radpdf,c#
sysinternals,c#
leadtools-sdk,c#
getlasterror,c#
thread-priority,c#
qtwinextras,c#
hockeyapp,c#
igor,c#
runspace,c#
nsmenuitemcell,c#
adal,c#
adal,c#
microsoft.ink,c#
microsoft.ink,c#
c++builder-xe5,c#
comtypes,c#
kindlegen,c#
topoedit,c#
topoedit,c#
pm2,c#
bootstrap-wysiwyg,c#
haxeflixel,c#
winrt-component,c#
jt400,c#
metaio,c#
publickeytoken,c#
createfile,c#
createfile,c#
begininvoke,c#
begininvoke,c#
devkit,c#
azure-storage-queues,c#
aws-powershell,c#
aws-powershell,c#
dxut,c#
abbrevia,c#
live-sdk,c#
jzy3d,c#
sql-server-config-manager,c#
pdcurses,c#
xamlreader,c#
mstsc,c#
canvasjs,c#
canvasjs,c#
cmdlet,c#
dacl,c#
sharepointdocumentlibrary,c#
votive,c#
cobub-razor,c#
lightswitch-2013,c#
drawrectangle,c#
drawrectangle,c#
azure-affinity-group,c#
sspi,c#
utf-16le,c#
endpointnotfoundexception,c#
jmtp,c#
jmtp,c#
fill,c#
tchar,c#
command-line-tool,c#
manifoldcf,c#
angular-google-maps,c#
setparent,c#
setparent,c#
system.net.websockets,c#
lansa,c#
crosswalk-runtime,c#
xenomai,c#
waveout,c#
psutil,c#
windows-phone-8.1,c#
sony-camera-api,c#
here-launcher,c#
here-launcher,c#
directcompute,c#
netpbm,c#
medoo,c#
pwnat,c#
jssor,c#
jssor,c#
cscfg,c#
qtopengl,c#
usb4java,c#
sencha-touch-2.3,c#
intelinde,c#
onedrive,c#
umra,c#
libarchive,c#
delphi-xe6,c#
dialect2,c#
dsc,c#
dayofweek,c#
handbrake,c#
powershell-workflow,c#
win-universal-app,c#
act,c#
audiovideoplayback,c#
c++builder-xe6,c#
c++builder-xe6,c#
undocumented-behavior,c#
xembed,c#
netsparkle,c#
netsparkle,c#
light-inject,c#
pynsist,c#
winrt-xaml-toolkit,c#
winrt-xaml-toolkit,c#
ember-simple-auth,c#
terminal-services,c#
prism-5,c#
wndproc,c#
radbuilder,c#
swift,c#
messagecontract,c#
xamarin.forms,c#
kernel-mode,c#
realplayer,c#
qt-installer,c#
richeditbox,c#
red-system,c#
virtual-address-space,c#
azure-webjobssdk,c#
slab,c#
idispatch,c#
azure-notificationhub,c#
folderbrowserdialog,c#
chrome-native-messaging,c#
maml,c#
wpf-style,c#
facebook-permissions,c#
rtaudio,c#
rtaudio,c#
sysprep,c#
msys2,c#
ucwa,c#
capstone,c#
rapi,c#
xinput,c#
xinput,c#
xceed,c#
windows-mobile-5.0,c#
windows-update,c#
windows-xp-sp3,c#
windows-identity,c#
form-control,c#
form-control,c#
vmware-tools,c#
windows-xp-embedded,c#
resharper-5.0,c#
wrl,c#
inkmanager,c#
tizen-web-simulator,c#
expression-studio,c#
getaddrinfo-a,c#
xidel,c#
anychart,c#
ie-plugins,c#
ie-plugins,c#
multilingual-app-toolkit,c#
multilingual-app-toolkit,c#
mvvm-toolkit,c#
mvvm-toolkit,c#
linklabel,c#
sharepoint-webservice,c#
testem,c#
metrolog,c#
metrolog,c#
source-server,c#
documents4j,c#
cortana,c#
lwp-useragent,c#
berkelium,c#
delphi-xe7,c#
c++builder-xe7,c#
clion,c#
modifier-key,c#
wasp,c#
wasp,c#
known-folders,c#
workflowservice,c#
workflowservice,c#
visual-studio-templates,c#
mytoolkit,c#
python-multiprocessing,c#
linkage,c#
mklink,c#
get-eventlog,c#
devcon,c#
comctl32,c#
comctl32,c#
cwnd,c#
selectedindexchanged,c#
networkcomms.net,c#
windows-10,c#
winjs-promise,c#
google-widget,c#
bittorrent-sync,c#
wcf-endpoint,c#
python-dragonfly,c#
hubtile,c#
app.xaml,c#
rro,c#
glui,c#
framemaker,c#
oracle-maf,c#
lumia-imaging-sdk,c#
lumia-imaging-sdk,c#
jnrpe,c#
strdup,c#
powershell-5.0,c#
logary,c#
enterprise-library-5,c#
installshield-2014,c#
ruby-development-kit,c#
visual-studio-cordova,c#
qf-test,c#
cross-kylix,c#
.net-core,c#
libaria,c#
.net-4.6,c#
wcf-4,c#
msgbox,c#
farpoint-spread,c#
dxva,c#
dxva,c#
tt4j,c#
owlnext,c#
owlnext,c#
nim-lang,c#
listboxitem,c#
application-settings,c#
listitem,c#
routed-commands,c#
theming,c#
myo,c#
intel-inspector,c#
cvd,c#
cvd,c#
event-viewer,c#
event-viewer,c#
adfs3.0,c#
uid,c#
oci8,c#
wixsharp,c#
wixsharp,c#
wincrypt,c#
wincrypt,c#
writeablebitmap,c#
contextmenustrip,c#
xsuperobject,c#
eventtrigger,c#
shim,c#
webspec,c#
acropolis,c#
acropolis,c#
exceldatareader,c#
textlinebounds,c#
ionic-popup,c#
ionic-popup,c#
ghdl,c#
microsoft-accessibility,c#
jansi,c#
jansi,c#
installshield-2013,c#
rndis,c#
r.net,c#
b4j,c#
minko,c#
jump-list,c#
android-standout,c#
kallithea,c#
winusb,c#
winusb,c#
etw-eventsource,c#
etw-eventsource,c#
vagrant-windows,c#
vagrant-windows,c#
certreq,c#
windows-phone-sl-8.1,c#
windows-phone-sl-8.1,c#
rainmeter,c#
rainmeter,c#
subinacl,c#
wuapi,c#
wuapi,c#
libusb-win32,c#
libusb-win32,c#
installshield-2012,c#
installshield-2012,c#
vulkan,c#
aleagpu,c#
vba7,c#
failovercluster,c#
irfanview,c#
server-core,c#
printdialog,c#
fluent.ribbon,c#
bazel,c#
directx-12,c#
php-7,c#
deviare,c#
sql-agent,c#
beyondcompare4,c#
beyondcompare4,c#
megasync,c#
megasync,c#
delphi-xe8,c#
findwindow,c#
dummynet,c#
vaapi,c#
boxfuse,c#
workflow-manager-1.x,c#
win2d,c#
win2d,c#
visual-studio-code,c#
tuespechkin,c#
wpr,c#
wpr,c#
mousekeyhook,c#
xamarin-forms,c#
html-help-workshop,c#
html-help-workshop,c#
c++builder-xe8,c#
unity5,c#
windows-10-iot-core,c#
luks,c#
yeppp,c#
objectdataprovider,c#
xmldataprovider,c#
datatrigger,c#
active-hdl,c#
cbutton,c#
company-hub,c#
windows-wpp,c#
gnokii,c#
clim,c#
qt5.5,c#
mathtype,c#
mathtype,c#
wix3.10,c#
wix4,c#
uwp,c#
taef,c#
eto,c#
cakebuild,c#
winobjc,c#
winobjc,c#
stunnel,c#
psapi,c#
systemmenu,c#
appserver,c#
docker-toolbox,c#
winio,c#
squirrel.windows,c#
squirrel.windows,c#
pixman,c#
unity3d-5,c#
qutip,c#
blend-2015,c#
geneticsharp,c#
geneticsharp,c#
libconfig,c#
libconfig,c#
getprocaddress,c#
delphi-10-seattle,c#
html-help,c#
c++builder-10-seattle,c#
mbrace,c#
microsoft-appstudio,c#
mormot,c#
excel-2016,c#
xrmtoolbox,c#
xrmtoolbox,c#
opc-da,c#
windowsdomainaccount,c#
autoscalemode,c#
xbind,c#
iodbc,c#
iodbc,c#
examdiff,c#
examdiff,c#
getpixel,c#
winhttprequest,c#
uhd,c#
oracle-jet,c#
global-assembly-cache,c#
ms-mpi,c#
flutter,c#
clang-cl,c#
affdex-sdk,c#
libstrophe,c#
grapevine,c#
drawingvisual,c#
flink-streaming,c#
microsoft-graph,c#
wxphp,c#
hashcat,c#
gluon,c#
windows-10-universal,c#
wixl,c#
datagridcolumn,c#
datagridcomboboxcolumn,c#
datagridviewbuttoncolumn,c#
datagridviewrow,c#
datagridviewcellstyle,c#
datagridtemplatecolumn,c#
datagridcolumnheader,c#
datagridrowheader,c#
javapackager,c#
azure-devops,c#
google-cloud-sdk,c#
irvine16,c#
prism-6,c#
play-clj,c#
material-design-in-xaml,c#
jbox,c#
jbox,c#
image-scanner,c#
fatfs,c#
xdotool,c#
node.js-tools,c#
asp.net-core,c#
umdh,c#
vds,c#
navigationservice,c#
navigationservice,c#
polyml,c#
toolstrip,c#
semantic-logging,c#
.net-runtime,c#
google-app-engine-launch,c#
manateeworks,c#
installshield-2015,c#
installshield-2015,c#
intel-parallel-studio,c#
intel-parallel-studio,c#
installshield-2011,c#
mugenmvvmtoolkit,c#
readxl,c#
wcf-configuration,c#
wcf-configuration,c#
winpexpect,c#
skypedeveloper,c#
recordrtc,c#
uwp-xaml,c#
uwp-xaml,c#
hacl,c#
microsoft-edge-extension,c#
xamarin.windows,c#
xamarin.windows,c#
ipmiutil,c#
delphi-10.1-berlin,c#
wevtutil,c#
intel-media-sdk,c#
windows-scheduler,c#
windows-subsystem-for-linux,c#
showui,c#
gitkraken,c#
c++builder-10.1-berlin,c#
c++builder-10.1-berlin,c#
devexpress-wpf,c#
jupyter-console,c#
gdl,c#
slk,c#
slk,c#
desktop-app-converter,c#
msxml6,c#
msxml6,c#
rocket.chat,c#
dism,c#
dism,c#
windows-iot-core-10,c#
deskband,c#
xonsh,c#
csharpeval,c#
coapp,c#
coapp,c#
red-zone,c#
vssdk,c#
erlang-nif,c#
workflow-activity,c#
uwp-maps,c#
haskell-turtle,c#
yarp,c#
laragon,c#
laragon,c#
word-addins,c#
hololens-emulator,c#
sap-gui,c#
apex-data-loader,c#
google-cloud-visualstudio,c#
avaloniaui,c#
avaloniaui,c#
drakon-editor,c#
windows-package-manager,c#
gettickcount,c#
ngraphics,c#
pocketmine,c#
windows-community-toolkit,c#
windows-community-toolkit,c#
diskimage,c#
c++-winrt,c#
este.js,c#
platform-specific,c#
platform-specific,c#
invantive-query-tool,c#
jshortcut,c#
skiasharp,c#
common-controls,c#
common-controls,c#
spn,c#
interstage,c#
feathersui,c#
qtpositioning,c#
picture-in-picture,c#
libusbdotnet,c#
galib,c#
azure-pipelines,c#
ibm-mq,c#
powershell-sdk,c#
vcpkg,c#
preloading,c#
process-monitor,c#
surface-pro,c#
mageui,c#
lpcstr,c#
createprocesswithlogonw,c#
safe-exam-browser,c#
leanft,c#
adobe-pdf-library,c#
visual-studio-mac,c#
desktop-bridge,c#
desktop-bridge,c#
delphi-10.2-tokyo,c#
zebble,c#
zebble,c#
windows-composition-api,c#
reactxp,c#
c++builder-10.2-tokyo,c#
indirect-display-driver,c#
indirect-display-driver,c#
.net-core-1.1,c#
.net-core-1.1,c#
reactql,c#
qt5.9,c#
moby,c#
onlyoffice,c#
.xproj,c#
katalon-studio,c#
direct3d12,c#
device-orientation,c#
sygic-mobile-sdk,c#
glink,c#
appium-android,c#
dotnetbrowser,c#
intel-pmu,c#
jcmd,c#
x-dwm,c#
.net-core-rc2,c#
.net-core-rc2,c#
visual-styles,c#
osquery,c#
menustrip,c#
qb64,c#
visual-studio-app-center,c#
taskscheduler,c#
taskscheduler,c#
sweetalert2,c#
shdocvw.internetexplorer,c#
htonl,c#
sql-operations-studio,c#
uniscribe,c#
windows-performance-analyzer,c#
windows-performance-analyzer,c#
wybuild,c#
wyupdate,c#
posh-gvm,c#
microsoft-information-protection,c#
docker-image,c#
flowdocumentreader,c#
sonarqube-msbuild-runner,c#
tms,c#
webcam-capture,c#
pyside2,c#
setwindowshookex,c#
udpipe,c#
git-for-windows,c#
common-data-service,c#
qtwebapp,c#
appium-desktop,c#
appium-desktop,c#
javafx-packager,c#
nativecall,c#
passwordbox,c#
insomnia,c#
winsound,c#
windows-10-desktop,c#
windows-10-desktop,c#
netcobol,c#
msix,c#
windows-10-iot-enterprise,c#
txtextcontrol,c#
pycryptodome,c#
hammerdb,c#
windows-restart-manager,c#
radare2,c#
formclosing,c#
fluent-kit,c#
aws-sdk-net,c#
frida,c#
frida,c#
broadcast-channel,c#
pythonnet,c#
pythonnet,c#
pointofservice,c#
elementary,c#
qt-vs-addin,c#
qt-vs-addin,c#
rtools,c#
rtools,c#
chirp,c#
control-template,c#
euler-math-toolbox,c#
mt,c#
converters,c#
seal,c#
installshield-express,c#
bunifu,c#
cuckoo,c#
quickwin,c#
quickwin,c#
azure-webapps,c#
v-play,c#
bee-smalltalk,c#
powershell-v5.1,c#
asp.net-core-2.2,c#
mako-sdk,c#
win32con,c#
windows-machine-learning,c#
windows-machine-learning,c#
azure-data-studio,c#
sharp7,c#
d2xx,c#
puppeteer-sharp,c#
"windows-10-s
",
