"javascript","javascript"
"python","python"
"java","java"
"google-app-engine","java"
"swing","java"
"swt","java"
"mootools","javascript"
"struts","java"
"hibernate","java"
"seam","java"
"tapestry","java"
"struts2","java"
"jmeter","java"
"scons","python"
"parser-generator","r"
"pyparsing","python"
"eclipse","java"
"ant","java"
"lucene","java"
"django","python"
"jquery","javascript"
"gwt","javascript"
"dojo","javascript"
"jackson","java"
"maven","java"
"gson","java"
"google-chrome-extension","javascript"
"flask","python"
"playframework","java"
"spring","java"
"r","r"
"solr","java"
"guice","java"
"guava","java"
"freemarker","java"
"html","javascript"
"sqlalchemy","python"
"wicket","java"
"grails","java"
"wxwidgets","python"
"jasper-reports","java"
"yui-compressor","javascript"
"matplotlib","python"
"zxing","java"
"waf","python"
"tinymce","javascript"
"eclipselink","java"
"junit","java"
"datanucleus","java"
"ajax","javascript"
"igraph","r"
"nunit","java"
"flot","javascript"
"qooxdoo","javascript"
"proj4js","javascript"
"node.js","javascript"
"extjs","javascript"
"jetty","java"
"celery","python"
"opencv","python"
"itext","java"
"spring-mvc","java"
"caliper","java"
"applet","java"
"scribe","java"
"jnlp","java"
"log4javascript","javascript"
"teamcity","java"
"refinerycms","javascript"
"jmf","java"
"java-web-start","java"
"liferay","java"
"cookies","javascript"
"jax-rs","java"
"toplink","java"
"genshi","python"
"eclipse-rcp","java"
"jenkins","java"
"yui","javascript"
"netbeans","java"
"abap","r"
"ext.net","javascript"
"eclipse-plugin","java"
"svnkit","java"
"spring-roo","java"
"webwork","java"
"jquery-ui","javascript"
"sammy.js","javascript"
"backbone.js","javascript"
"google-maps-api-3","javascript"
"pygtk","python"
"scrapy","python"
"npm","javascript"
"osgi","java"
"raphael","javascript"
"catalyst","java"
"google-closure","javascript"
"mongoose","javascript"
"bonecp","java"
"pyramid","python"
"application-server","java"
"javadoc","java"
"plone","python"
"ormlite","java"
"celerity","java"
"elementtree","python"
"firebug","javascript"
"shiro","java"
"pdfbox","java"
"wtforms","python"
"ironpython","python"
"berkeley-db","java"
"berkeley-db-je","java"
"jslint","javascript"
"javascript-events","javascript"
"tornado","python"
"google-earth-plugin","javascript"
"enthought","python"
"reportlab","python"
"satchmo","python"
"log4j","java"
"jboss","java"
"spidermonkey","javascript"
"sencha-touch","javascript"
"qunit","javascript"
"slf4j","java"
"jvm","java"
"awt","java"
"dhtml","javascript"
"tkinter","python"
"gevent","python"
"zodb","python"
"cobertura","java"
"werkzeug","python"
"plupload","javascript"
"bcel","java"
"lucene.net","java"
"sphinx","python"
"netlogo","java"
"pyjamas","python"
"mechanize","python"
"pymunk","python"
"wsgi","python"
"jce","java"
"primefaces","java"
"mongokit","python"
"buildr","java"
"orm","java"
"sts-springsourcetoolsuite","java"
"jfreechart","java"
"vaadin","java"
"xmlhttprequest","javascript"
"wlst","java"
"lombok","java"
"openlayers","javascript"
"gaelyk","java"
"mockito","java"
"scipy","python"
"tweepy","python"
"lamp","python"
"prototypejs","javascript"
"ape","javascript"
"three.js","javascript"
"pyqt","python"
"apache-pivot","java"
"cufon","javascript"
"fabric","python"
"pyqt4","python"
"interface","java"
"perf4j","java"
"turbogears2","python"
"java-bytecode-asm","java"
"underscore.js","javascript"
"turbogears","python"
"jena","java"
"functional-java","java"
"pycrypto","python"
"eclipse-virgo","java"
"ibatis","java"
"qtip","javascript"
"jung","java"
"jtemplate","javascript"
"mako","python"
"galleria","javascript"
"jets3t","java"
"jco","java"
"appcelerator-mobile","javascript"
"kombu","python"
"sitemesh","java"
"checkstyle","java"
"apache-commons","java"
"frontend","javascript"
"fusioncharts","javascript"
"combres","javascript"
"quartz-scheduler","java"
"highcharts","javascript"
"jvmti","java"
"sage","python"
"apache-poi","java"
"yui3","javascript"
"pyglet","python"
"twitter4j","java"
"anytime","javascript"
"pyobjc","python"
"jax-ws","java"
"proguard","java"
"poe","python"
"smack","java"
"script#","javascript"
"dfc","java"
"java.util.concurrent","java"
"dom4j","java"
"jdom","java"
"jdeveloper","java"
"zk","java"
"blazeds","java"
"zope","python"
"lamson","python"
"websphere","java"
"scriptaculous","javascript"
"mule","java"
"jndi","java"
"robotframework","python"
"flying-saucer","java"
"birt","java"
"jasmine","javascript"
"jspec","javascript"
"easymock","java"
"displaytag","java"
"dwr","java"
"jsni","javascript"
"soap4r","r"
"mojo","javascript"
"mojo-sdk","javascript"
"extjs4","javascript"
"jface","java"
"hunit","java"
"miglayout","java"
"aptana","javascript"
"j-security-check","java"
"restlet","java"
"web.py","python"
"swtbot","java"
"netbeans-7","java"
"conkeror","javascript"
"xdv","javascript"
"agents-jade","java"
"python-sphinx","python"
"testng","java"
"worker","javascript"
"python.net","python"
"twitter-anywhere","javascript"
"linked-list","java"
"seam3","java"
"buildout","python"
"protovis","javascript"
"codepro","java"
"jvisualvm","java"
"cglib","java"
"datatable","r"
"datatables","javascript"
"spring-aop","java"
"xjc","java"
"spock","java"
"formencode","python"
"truezip","java"
"tk","python"
"jquery-globalization","javascript"
"vtk","java"
"lxml","python"
"uploadify","javascript"
"googlecl","python"
"plyr","r"
"jquery-1.6","javascript"
"phantomjs","javascript"
"oracle-adf","java"
"plasticscm","java"
"weblogic","java"
"fetchxml","javascript"
"pygame","python"
"apache2","python"
"template-toolkit","python"
"lync-2010","r"
"ahah","javascript"
"resteasy","java"
"jwplayer","javascript"
"dygraphs","javascript"
"web2py","python"
"nltk","python"
"google-closure-library","javascript"
"sympy","python"
"melt","r"
"worldwind","java"
"org.json","java"
"weka","java"
"pyopenssl","python"
"bottle","python"
"simplexml","java"
"review-board","python"
"history.js","javascript"
"openmap","java"
"coldspring","java"
"teechart","java"
"jpanel","java"
"zsi","python"
"dojox.charting","javascript"
"markerclusterer","javascript"
"sprockets","javascript"
"portlet","java"
"mallet","java"
"scriptom","java"
"javascriptmvc","javascript"
"gdata-java-client","java"
"lwjgl","java"
"cheetah","python"
"modernizr","javascript"
"graphael","javascript"
"scenejs","javascript"
"django-admin","python"
"infinispan","java"
"sbt","java"
"jdbi","java"
"netbeans7.0","java"
"jibx","java"
"jshint","javascript"
"docx4j","java"
"netty","java"
"soappy","python"
"plovr","javascript"
"boto","python"
"velocity","java"
"gmp","python"
"netbeans-platform","java"
"sequelize.js","javascript"
"phpjs","javascript"
"suds","python"
"windows-ribbon-framework","r"
"biojava","java"
"terracotta","java"
"xstream","java"
"spring-ldap","java"
"pandas","python"
"uima","java"
"visualvm","java"
"jsr296","java"
"rangy","javascript"
"beanstalkc","python"
"virtualenv","python"
"virtual-machine","java"
"wsimport","java"
"mathjax","javascript"
"morphia","java"
"pytz","python"
"zepto","javascript"
"odata4j","java"
"formalchemy","python"
"couchdb-python","python"
"querydsl","java"
"xuggle","java"
"mysql-python","python"
"tiles2","java"
"sesame","java"
"tridion","java"
"d3.js","javascript"
"enyo","javascript"
"jasypt","java"
"pybrain","python"
"boost-python","python"
"spynner","python"
"java-metro-framework","java"
"nowjs-sockets","javascript"
"pelops","java"
"c3p0","java"
"g-wan","java"
"mpxj","java"
"optparse","python"
"shadowbox","javascript"
"jdepend","java"
"iis-7.5","r"
"jmockit","java"
"casbah","java"
"webapp2","python"
"history","javascript"
"j2mepolish","java"
"cldc","java"
"log4c","java"
"javafx-2","java"
"java-7","java"
"jspx","java"
"transmogrifier","python"
"extjs3","javascript"
"smooks","java"
"userscripts","javascript"
"websharper","javascript"
"m2crypto","python"
"jplayer","javascript"
"javax.script","java"
"excanvas","javascript"
"dataframe","r"
"struts-1","java"
"datajs","javascript"
"openjpa","java"
"grizzly","java"
"emma","java"
"jprofiler","java"
"jprobe","java"
"trove4j","java"
"spine.js","javascript"
"whoosh","python"
"handlebars.js","javascript"
"appmobi","javascript"
"series-40","java"
"juddi","java"
"asset-pipeline","javascript"
"batman.js","javascript"
"google-apps-script","javascript"
"war","java"
"yui2","javascript"
"scalacheck","java"
"sproutcore-2","javascript"
"same-origin-policy","javascript"
"jboss-cache","java"
"google-api-java-client","java"
"facebooker2","javascript"
"phpquery","javascript"
"sshj","java"
"jericho-html-parser","java"
"webdynpro","java"
"apache-mina","java"
"icanhaz.js","javascript"
"javassist","java"
"endeca","java"
"ropemacs","python"
"arbor.js","javascript"
"ply","python"
"setuptools","python"
"sphinx4","java"
"slick2d","java"
"lettuce","python"
"client-side-scripting","javascript"
"server-side-scripting","java"
"bnd","java"
"rally","java"
"cplex","java"
"broadleaf-commerce","java"
"graphite","python"
"swingx","java"
"batik","java"
"sling","java"
"graniteds","java"
"xapian","python"
"ebean","java"
"weborb","java"
"dx","java"
"firefox-addon-sdk","javascript"
"lcds","java"
"powermock","java"
"struts1","java"
"junit4","java"
"junit3","java"
"apache-chainsaw","java"
"woodstock","java"
"deck.js","javascript"
"xmlrpclib","python"
"zappa","python"
"dart","javascript"
"jbehave","java"
"echo2","java"
"ibm-rad","java"
"wsdl2java","java"
"playn","java"
"cocos2d-android","java"
"cocos2d-python","python"
"libgdx","java"
"java-compiler-api","java"
"hprof","java"
"javascript-framework","javascript"
"fest","java"
"restfb","java"
"internet-explorer-10","r"
"substance","java"
"freebase-acre","javascript"
"pywinauto","python"
"itertools","python"
"playframework-2.0","java"
"web.xml","java"
"r.java-file","r"
"sencha-touch-2","javascript"
"pyro","python"
"canonical-quickly","python"
"stringbuilder","java"
"thickbox","javascript"
"autosys","r"
"cdc","java"
"wicket-1.5","java"
"geotools","java"
"pypdf","python"
"python-sip","python"
"jquery-tools","javascript"
"jscience","java"
"activestate","python"
"rope","python"
"highstock","javascript"
"iodocs","javascript"
"urllib","python"
"j#","java"
"visualj#","java"
"magiczoomplus","javascript"
"weblogic-10.x","java"
"xui","javascript"
"swfupload","javascript"
"funkload","python"
"phpmd","java"
"pytables","python"
"openpyxl","python"
"paster","python"
"zelle-graphics","python"
"ember.js","javascript"
"scapy","python"
"jsfiddle","javascript"
"blackberry-webworks","javascript"
"wai-aria","javascript"
"mechanize-python","python"
"knopflerfish","r"
"enunciate","java"
"sinon","javascript"
"biopython","python"
"infovis","javascript"
"easeljs","javascript"
"findall","python"
"popcornjs","javascript"
"embedded-jetty","java"
"dbvisualizer","java"
"client-side","javascript"
"filter","java"
"pyinstaller","python"
"jgit","java"
"expression-web","javascript"
"arcpy","python"
"gunicorn","python"
"bsddb","python"
"thejit","javascript"
"uglifyjs","javascript"
"newrelic","java"
"white","java"
"concordion","java"
"izpack","java"
"python-requests","python"
"flexjson","java"
"kotlin","javascript"
"milton","java"
"tiles","java"
"chromeless","javascript"
"os.system","python"
"ring","python"
"gate","java"
"kivy","python"
"cobra","java"
"ace-editor","javascript"
"google-maps-api-2","javascript"
"jquery-1.7","javascript"
"fdt","javascript"
"schemaspy","java"
"flatiron.js","javascript"
"onchange","javascript"
"emscripten","javascript"
"opencsv","java"
"bean-io","java"
"google-places-api","javascript"
"jstack","java"
"qt-jambi","java"
"mocha","javascript"
"flotr","javascript"
"opencms","java"
"websphinx","java"
"javahg","java"
"ranorex","java"
"easy-install","python"
"pavlov","javascript"
"jcaps","java"
"weblogic11g","java"
"mayavi","python"
"weblogic9.x","java"
"weblogic8.x","java"
"mjsip","java"
"middleman","javascript"
"hyde","python"
"eclipse-m2t-jet","java"
"grinder","java"
"scikits","python"
"webobjects","java"
"nipype","python"
"tjws","java"
"jmesa","java"
"jcifs","java"
"jackcess","java"
"grails-2.0","java"
"soaplib","python"
"winjs","javascript"
"saf","java"
"dhtmlx","javascript"
"apache-httpcomponents","java"
"difflib","python"
"hdiv","java"
"zombie.js","javascript"
"pythonxy","python"
"jsctypes","javascript"
"dotcms","java"
"jcanvas","javascript"
"yui-calendar","javascript"
"jdesktop","javascript"
"mx4j","java"
"custom-component","java"
"webchromeclient","javascript"
"babel","python"
"angularjs","javascript"
"web-developer-toolbar","javascript"
"pyface","python"
"beaker","python"
"leaflet","javascript"
"gdcm","python"
"ksoap","java"
"dropwizard","java"
"upshot","javascript"
"josso","java"
"craftyjs","javascript"
"rapache","r"
"package","java"
"cordova","javascript"
"paperjs","javascript"
"browserid","javascript"
"libming","python"
"gensim","python"
"jsdoc","javascript"
"derbyjs","javascript"
"content-script","javascript"
"runit","r"
"jopenid","java"
"chutzpah","javascript"
"google-eclipse-plugin","java"
"kernlab","r"
"window-tester","java"
"jpcap","java"
"com4j","java"
"typeface.js","javascript"
"javascriptcore","javascript"
"bbc-glow","javascript"
"luajava","java"
"dosgi","java"
"impress.js","javascript"
"easyb","java"
"meteor","javascript"
"jde","java"
"fmj","java"
"webstorm","javascript"
"equinox","r"
"plotrix","r"
"google-caja","javascript"
"mutation-testing","java"
"aqtime","java"
"f2py","python"
"playframework-1.x","java"
"serializable","java"
"rest-assured","java"
"chaco","python"
"pika","python"
"qtip2","javascript"
"trigger.io","javascript"
"yolk","python"
"backbone-routing","javascript"
"syntaxhighlighter","javascript"
"html5lib","python"
"dd4t","java"
"browserfield","java"
"jaydata","javascript"
"unobtrusive-javascript","javascript"
"grok","python"
"vert.x","java"
"quantstrat","r"
"jstween","javascript"
"momentjs","javascript"
"extjs4.1","javascript"
"stimulsoft","java"
"prefuse","java"
"knockout.js","javascript"
"google-ajax-api","javascript"
"html2canvas","javascript"
"squishit","javascript"
"ftputil","python"
"kineticjs","javascript"
"skype4java","java"
"jemmy","java"
"kss","javascript"
"dtsearch","java"
"jexl","java"
"java-gstreamer","java"
"apache-httpclient-4.x","java"
"mootools-more","javascript"
"mootools-sortable","javascript"
"mootools-fx","javascript"
"mootools1.2","javascript"
"parboiled","java"
"vegan","r"
"uispec4j","java"
"crossfilter","javascript"
"jgrapht","java"
"signpost","java"
"rxtx","java"
"sun-codemodel","java"
"datejs","javascript"
"monolog","python"
"bioconductor","r"
"mxgraph","javascript"
"dotless","javascript"
"jammit","javascript"
"java-wireless-toolkit","java"
"jespa","java"
"linkedhashmap","java"
"jsduck","javascript"
"maximo","java"
"jgroups","java"
"jline","java"
"knockout-2.0","javascript"
"casperjs","javascript"
"azure-web-sites","java"
"next-generation-plugin","java"
"pythonanywhere","python"
"paver","python"
"cyclone","python"
"compareto","java"
"jxls","java"
"ajdt","java"
"crawler4j","java"
"primefaces-extensions","java"
"boilerpipe","java"
"eclemma","java"
"sakai","java"
"pyd","python"
"py2neo","python"
"re2","python"
"gruntjs","javascript"
"jnotify","java"
"python-gstreamer","python"
"opencpu","r"
"morphic","javascript"
"pyffmpeg","python"
"pypng","python"
"scikit-learn","python"
"watij","java"
"extjs2","javascript"
"zeroclipboard","javascript"
"openimaj","java"
"easerver","java"
"sardine","java"
"canjs","javascript"
"simple-framework","java"
"handsontable","javascript"
"kryo","java"
"pellet","java"
"mochikit","javascript"
"spry","javascript"
"xwiki","java"
"log4cpp","java"
"iui","javascript"
"python-idle","python"
"japplet","java"
"jsr311","java"
"yajsw","java"
"51degrees","java"
"pymox","python"
"onx","javascript"
"satchless","python"
"mplot3d","python"
"antform","java"
"jclouds","java"
"tigase","java"
"weblogic12c","java"
"django-rest-framework","python"
"photoswipe","javascript"
"cloudify","python"
"alembic","python"
"pymacs","python"
"android-browser","javascript"
"dojox.grid","javascript"
"deform","python"
"pyaudio","python"
"wakanda","javascript"
"google-nativeclient","javascript"
"dex2jar","java"
"editplus","java"
"chai","javascript"
"webarchive","javascript"
"dali","java"
"siteedit","r"
"springsource","java"
"chaplinjs","javascript"
"video.js","javascript"
"approval-tests","java"
"xlrd","python"
"createjs","javascript"
"matplotlib-basemap","python"
"pyexcelerator","python"
"audiojs","javascript"
"sugar.js","javascript"
"jspdf","javascript"
"froogaloop","javascript"
"webassets","python"
"dotcmis","java"
"distutils2","python"
"feedparser","python"
"xades4j","java"
"nokia-wrt","javascript"
"iccube","java"
"asp.net-optimization","javascript"
"jcurses","java"
"opencmis","java"
"listjs","javascript"
"sqljet","java"
"quaqua","java"
"grails-2.1","java"
"knockout-mvc","javascript"
"jawt","java"
"simpy","python"
"petitparser","java"
"apache-commons-math","java"
"rcurl","r"
"gae-sessions","python"
"dotpeek","java"
"tidesdk","javascript"
"pysolr","python"
"web-frontend","javascript"
"wapiti","python"
"jubula","java"
"barcode4j","java"
"rmongodb","r"
"spring-insight","java"
"pouchdb","javascript"
"pypi","python"
"jsdt","javascript"
"javaw","java"
"webharvest","java"
"java-api","java"
"seed","javascript"
"intraweb","javascript"
"python-2to3","python"
"wro4j","java"
"jetty-8","java"
"soot","java"
"mt4j","java"
"testthat","r"
"mojito","javascript"
"enquire.js","javascript"
"pythonmagick","python"
"javascriptserializer","javascript"
"ptvs","python"
"yourkit","java"
"jtoolbar","java"
"axon","java"
"sim-toolkit","java"
"xmpppy","python"
"django-johnny-cache","python"
"google-plugin-eclipse","java"
"jbullet","java"
"urllib3","python"
"wicket-1.6","java"
"axiom","java"
"google-chrome-app","javascript"
"snackjs","javascript"
"vaadin-touchkit","java"
"sys","python"
"snmp4j","java"
"taffydb","javascript"
"curvycorners","javascript"
"scriptella","java"
"scikit-image","python"
"jtidy","java"
"minidom","python"
"django-testing","python"
"unsatisfiedlinkerror","java"
"jambi","java"
"graphiti-js","javascript"
"turbolinks","javascript"
"healpy","python"
"resty","java"
"aether","java"
"salt-stack","python"
"gwidgets","r"
"breeze","javascript"
"apache-torque","java"
"kolite","javascript"
"toastr","javascript"
"google-tag-manager","javascript"
"imapclient","python"
"ipython-notebook","python"
"tampermonkey","javascript"
"jstat","javascript"
"roottools","java"
"ignite-ui","javascript"
"ewsjavaapi","java"
"jqote","javascript"
"rgraph","javascript"
"bower","javascript"
"benchmark.js","javascript"
"python-imaging-library","python"
"shiny","r"
"gridextra","r"
"rickshaw","javascript"
"pygsl","python"
"jfugue","java"
"rdflib","python"
"jlayer","java"
"pvs-studio","java"
"cytoscape.js","javascript"
"google-api-python-client","python"
"android-jsinterface","java"
"clint","python"
"google-http-client","java"
"buzz.js","javascript"
"checker-framework","java"
"mosync","javascript"
"capybara-webkit","javascript"
"ie7.js","javascript"
"webfont-loader","javascript"
"redips.drag","javascript"
"valums-file-uploader","javascript"
"contentflow","javascript"
"sencha-touch-2.1","javascript"
"mina","java"
"fuelux","javascript"
"openxava","java"
"box2dweb","javascript"
"ghost.py","python"
"pyml","python"
"ariatemplates","javascript"
"agility.js","javascript"
"innovation","java"
"performanceanalytics","r"
"javascript-debugger","javascript"
"dojo-1.6","javascript"
"node-webkit","javascript"
"easyxdm","javascript"
"jayrock","javascript"
"rpyc","python"
"jodd","java"
"python-iris","python"
"socialauth","java"
"googlevis","r"
"grails-2.0.4","java"
"min3d","java"
"ckfinder","java"
"tm","r"
"doclet","java"
"apache-commons-pool","java"
"apache-commons-compress","java"
"steam-condenser","java"
"iscroll","javascript"
"http-unit","java"
"apache-commons-dbutils","java"
"durandal","javascript"
"tracekit","javascript"
"dagger","java"
"nidaqmx","python"
"kazoo","python"
"sijax","python"
"jasmin-x86","java"
"elm","javascript"
"dabo","python"
"bem","javascript"
"imgscalr","java"
"python-docx","python"
"facebook-java-sdk","java"
"keyczar","java"
"jrun","java"
"netbeans-7.2","java"
"facebooker","javascript"
"gitpython","python"
"jtest","java"
"jasmine-jquery","javascript"
"gwt-dev-mode","javascript"
"jspell","java"
"iaik-jce","java"
"vraptor","java"
"eyed3","python"
"crypt","python"
"mulan","java"
"freehep","java"
"system-rules","java"
"jquery-webcam-plugin","javascript"
"singly-linked-list","java"
"attach-api","java"
"jnetpcap","java"
"greensock","javascript"
"elfinder","javascript"
"kryonet","java"
"jtreetable","java"
"query-engine","javascript"
"r-rook-package","r"
"jquery-1.9","javascript"
"sprox","python"
"mrunit","java"
"ini4j","java"
"framejs","javascript"
"pyicu","python"
"pox","python"
"jdto","java"
"jslint4java","java"
"libphonenumber","java"
"rgdal","r"
"plantuml","java"
"swampy","python"
"btrace","java"
"ajaxmin","javascript"
"miso.dataset","javascript"
"jarsigner","java"
"ckeditor.net","javascript"
"jsunit","javascript"
"bundling-and-minification","javascript"
"maptools","r"
"apache-commons-config","java"
"wxauitoolbar","python"
"httr","r"
"spring-remoting","java"
"chaiscript","javascript"
"parsley.js","javascript"
"bacon.js","javascript"
"spyne","python"
"waffle","java"
"epydoc","python"
"opensaml","java"
"gwt-test-utils","java"
"jquery-lazyload","javascript"
"lungojs","javascript"
"netbeans-7.3","javascript"
"jcanvascript","javascript"
"pysvn","python"
"twitter-flight","javascript"
"python-jedi","python"
"grails-2.2","java"
"pyscripter","python"
"log4r","r"
"thinlet","java"
"rapidminer","java"
"uglifyjs2","javascript"
"jboss-3.x","java"
"joone","java"
"jpedal","java"
"lanterna","java"
"portletbridge","java"
"q","javascript"
"physijs","javascript"
"vosao","java"
"groc","javascript"
"downloadify","javascript"
"svg-edit","javascript"
"spring-portlet-mvc","java"
"fusionreactor","java"
"smtpappender","java"
"jpos","java"
"frappe","python"
"cocosbuilder","javascript"
"gwt-highcharts","java"
"walltime-js","javascript"
"endpoints-proto-datastore","python"
"pyscard","python"
"tritonus","java"
"python-rq","python"
"iscrollview","javascript"
"system.web.optimization","javascript"
"revolution-r","r"
"steelseries","java"
"geraldo","python"
"nfop","java"
"jfreereport","java"
"cortado","java"
"gplots","r"
"tabris","java"
"dc.js","javascript"
"uniobjects","java"
"python-openid","python"
"mpmath","python"
"console.log","javascript"
"pysimplesoap","python"
"rauth","python"
"wss4j","java"
"intro.js","javascript"
"jdee","java"
"pygst","python"
"ws4py","python"
"opentok","javascript"
"sjxp","java"
"bulbs","python"
"camanjs","javascript"
"ejml","java"
"plumbum","python"
"jsf-2.2","java"
"jsfunit","java"
"ecobertura","java"
"lodash","javascript"
"flotr2","javascript"
"traminer","r"
"opensymphony","java"
"dat.gui","javascript"
"java-communication-api","java"
"appfuse","java"
"google-drive-realtime-api","javascript"
"r.js","javascript"
"analytics.js","javascript"
"hawtio","java"
"wsdlc","java"
"jusb","java"
"jdmk","java"
"python-nose","python"
"wli","java"
"pyudev","python"
"aopalliance","java"
"scala-dispatch","java"
"xcore","java"
"dropzone.js","javascript"
"python-pika","python"
"andromda","java"
"jncryptor","java"
"i18next","javascript"
"jsnetworkx","javascript"
"dhtmlx-scheduler","javascript"
"blink","javascript"
"apache-lucy","java"
"androguard","python"
"toolkitchen","javascript"
"portaljs","javascript"
"pillow","python"
"webtest","python"
"typeahead.js","javascript"
"flask-login","python"
"jgap","java"
"randori","javascript"
"androidviewclient","python"
"portal-java","java"
"icheck","javascript"
"business-objects-sdk","java"
"jquery-traversing","javascript"
"jersey-client","java"
"twill","python"
"j-interop","java"
"cesium","javascript"
"intern","javascript"
"django-tests","python"
"hybrid-mobile-app","javascript"
"jquery-2.0","javascript"
"koala-framework","javascript"
"pyp","python"
"bootbox","javascript"
"pywt","python"
"office365-apps","javascript"
"pixastic","javascript"
"jbuilder","java"
"django-adaptors","python"
"jqxwidgets","javascript"
"jhat","java"
"wimp","python"
"retlang","java"
"kawa","java"
"pdfclown","java"
"cactus","java"
"ydn-db","javascript"
"theano","python"
"nifty-gui","java"
"dotnethighcharts","javascript"
"ie-developer-tools","javascript"
"tinymce-4","javascript"
"distribute","python"
"script-tag","javascript"
"ftp4j","java"
"istanbul","javascript"
"kony","javascript"
"reactjs","javascript"
"rx-java","java"
"projekktor","javascript"
"javapns","java"
"dynamic-web-twain","javascript"
"phonejs","javascript"
"jointjs","javascript"
"python-elixir","python"
"packery","javascript"
"avian","java"
"pygit2","python"
"x-tag","javascript"
"sencha-touch-2.2","javascript"
"struts2-jquery-plugin","javascript"
"pyportmidi","python"
"ammap","javascript"
"devtools","r"
"tween.js","javascript"
"kartograph","python"
"lpod","python"
"nitrousio","python"
"pydub","python"
"jnaerator","java"
"graphene2","java"
"funscript","javascript"
"splinter","python"
"grob","r"
"php-imagine","python"
"venkman","javascript"
"locust","python"
"vline","javascript"
"flask-admin","python"
"expect.js","javascript"
"transfuse","java"
"open-esb","java"
"gspread","python"
"queue.js","javascript"
"getusermedia","javascript"
"webgrease","javascript"
"jonix","java"
"jsonix","javascript"
"jsx","javascript"
"regula","javascript"
"joda-money","java"
"minifiedjs","javascript"
"aggdraw","python"
"pycairo","python"
"js-of-ocaml","javascript"
"jnario","java"
"livevalidation","javascript"
"sly-scroller","javascript"
"urwid","python"
"knockout-kendo","javascript"
"elasticutils","python"
"gitblit","java"
"heliconzoo","python"
"plone-4.x","python"
"pynsq","python"
"gwt-2.5","javascript"
"mp3agic","java"
"gbm","r"
"tyrus","java"
"eslint","javascript"
"neo4j-spatial","java"
"jscoverage","javascript"
"jquery-datatables","javascript"
"python-paste","python"
"libcloud","python"
"dalekjs","javascript"
"isis","java"
"spring-tool-suite","java"
"zip.js","javascript"
"taskjs","javascript"
"xhtml2pdf","python"
"snapjs","javascript"
"bespoke.js","javascript"
"sigma.js","javascript"
"llvm-py","python"
"traitsui","python"
"zucchini","javascript"
"form2js.js","javascript"
"date-format","java"
"aesthetics","r"
"ssh.net","java"
"twitter-hbc","java"
"django-facebook","python"
"esky","python"
"python-jira","python"
"polychart","javascript"
"descartes","python"
"python-magic","python"
"timing-framework","java"
"scitools","python"
"blockly","javascript"
"complete.ly","javascript"
"rundeck","java"
"wicket-6","java"
"html5-kickstart","javascript"
"wintersmith","javascript"
"ccc","javascript"
"canopy","python"
"eve","python"
"ractivejs","javascript"
"tidekit","javascript"
"pysdl2","python"
"hk2","java"
"happybase","python"
"simplecart","javascript"
"jmc","java"
"chatjs","javascript"
"pythomnic3k","python"
"zip4j","java"
"konakart","java"
"sockjs","javascript"
"durandal-2.0","javascript"
"flexmock","python"
"web-inf","java"
"sim.js","javascript"
"python-pulsar","python"
"fullpage.js","javascript"
"hammer","javascript"
"jest","java"
"appframework","javascript"
"stapes.js","javascript"
"yowsup","python"
"goinstant","javascript"
"mimosa","javascript"
"hello.js","javascript"
"snap.svg","javascript"
"python-ggplot","python"
"sylvester","javascript"
"bluebird","javascript"
"html5-history","javascript"
"google-oauth-java-client","java"
"six-python","python"
"blackfish","java"
"netbeans-7.4","java"
"pdfminer","python"
"typesafe-config","java"
"mockachino","java"
"equalsverifier","java"
"chui.js","javascript"
"knockout-3.0","javascript"
"klocwork","java"
"couchdbkit","python"
"polymaps","javascript"
"meteorcharts","javascript"
"kango-framework","javascript"
"plotly","r"
"pyuic","python"
"r-ape","r"
"javaapns","java"
"babylonjs","javascript"
"html5-apps","javascript"
"acid3","javascript"
"semantic-ui","javascript"
"json2html","javascript"
"myhdl","python"
"konacha","javascript"
"graphhopper","java"
"jsnlog","javascript"
"jtopen","java"
"lungo","javascript"
"elessar","javascript"
"maven-webstart-plugin","java"
"jcsv","java"
"jsf-1.1","java"
"java-ee-web-profile","java"
"blanket.js","javascript"
"opentip","javascript"
"laterjs","javascript"
"quojs","javascript"
"hibernate-postgresql","java"
"pyfftw","python"
"aura.js","javascript"
"falconframework","python"
"cpplint","python"
"bokeh","python"
"grunt-contrib-connect","javascript"
"devextreme","javascript"
"node-pdfkit","javascript"
"rich-internet-application","javascript"
"cups4j","java"
"siesta","javascript"
"pyusb","python"
"jssc","java"
"graphstream","java"
"ops4j","java"
"jyaml","java"
"bc4j","java"
"xdoclet","java"
"seaborn","python"
"jsbn","javascript"
"leadtools-sdk","java"
"beatbox","python"
"zoomify","javascript"
"client-dependency","javascript"
"webodf","javascript"
"zingchart","javascript"
"mathjs","javascript"
"java-websocket","java"
"httpretty","python"
"ejb-3.2","java"
"sweet.js","javascript"
"aurora.js","javascript"
"comtypes","python"
"cucumberjs","java"
"symja","java"
"jnr","java"
"draw2d-js","javascript"
"android-json","java"
"transparency.js","javascript"
"jett","java"
"kendo-template","javascript"
"objectinputstream","java"
"objectoutputstream","java"
"planetary.js","javascript"
"jt400","java"
"java-time","java"
"visad","java"
"tether","javascript"
"marionette","javascript"
"vivagraphjs","javascript"
"pyjnius","python"
"python-behave","python"
"chap-links-library","javascript"
"pyhdf","python"
"boomerang","javascript"
"express.io","javascript"
"pyquery","python"
"jzy3d","java"
"sjcl","javascript"
"statnet","r"
"cordova-plugins","javascript"
"neo4jrestclient","python"
"rcaller","r"
"stomp-websocket","javascript"
"paw","java"
"c10n","java"
"dropdownchecklist","javascript"
"javafx-webengine","javascript"
"java2word","java"
"webjars","java"
"pymock","python"
"oauth2client","python"
"pygame-surface","python"
"aplpy","python"
"restlet-2.0","java"
"toscawidgets","python"
"rex","r"
"license4j","java"
"canvasjs","javascript"
"thread-weaver","java"
"cefpython","python"
"metro.js","javascript"
"swagger-play2","java"
"hglib","python"
"gmpy","python"
"flipclock","javascript"
"pyevolve","python"
"openkm","java"
"ratpack","java"
"cloudpebble","javascript"
"jsr356","java"
"phaser-framework","javascript"
"jsmockito","java"
"meny-js","javascript"
"artemis","java"
"grails-2.3","java"
"scalameter","java"
"pysb","python"
"python-unittest","python"
"git-repo","python"
"rainbow-js","javascript"
"ratchet-bootstrap","javascript"
"javapos","java"
"lightadmin","java"
"justgage","javascript"
"amazon-javascript-sdk","javascript"
"arcgis-js-api","javascript"
"marvinproject","java"
"rokajaxsearch","javascript"
"pyelftools","python"
"clang-format","java"
"barbecue","java"
"webpack","javascript"
"pixelmed","java"
"ggvis","r"
"pybuilder","python"
"gojs","javascript"
"boofcv","java"
"jsobject","java"
"nipy","python"
"netbeans-8","java"
"asynchttpclient","java"
"ajax-upload","javascript"
"famo.us","javascript"
"ninjakit","javascript"
"jwi","java"
"psutil","python"
"masonry","javascript"
"mpj-express","java"
"zoomcharts","javascript"
"jdk-tools","java"
"simplejmx","java"
"rational-performance-test","java"
"qset","java"
"pstats","python"
"jssor","javascript"
"oracle-adf-mobile","java"
"pyalgotrade","python"
"ibm-was","java"
"dexy","python"
"usb4java","java"
"soundjs","javascript"
"intelinde","java"
"project-avatar","javascript"
"forio-contour","javascript"
"min.js","javascript"
"webix","javascript"
"rangeset","java"
"persistjs","javascript"
"converse.js","javascript"
"jsocket","javascript"
"python-watchdog","python"
"apps-for-office","javascript"
"graph-tool","python"
"jaunt-api","java"
"python-social-auth","python"
"totallylazy","java"
"cxf-codegen-plugin","java"
"breeze-sharp","javascript"
"extjs5","javascript"
"mongojack","java"
"byte-buddy","java"
"velocity.js","javascript"
"cleartk","java"
"olingo","java"
"parse4j","java"
"jsfeat","javascript"
"jmathplot","java"
"hdfstore","python"
"marvin-framework","java"
"chrome-web-driver","javascript"
"fexpect","python"
"rabbitpy","python"
"co","javascript"
"apache-commons-exec","java"
"broccolijs","javascript"
"gs-collections","java"
"flexjs","javascript"
"jsonselect","javascript"
"pgu","python"
"meanjs","javascript"
"pydrive","python"
"d3plus","javascript"
"gulp-inject","javascript"
"jaggery-js","javascript"
"vue.js","javascript"
"jcodemodel","java"
"titanium-android","javascript"
"sat4j","java"
"com.sun.net.httpserver","java"
"hibernate3","java"
"pnotify","javascript"
"rcpp11","r"
"beehive","java"
"pidcrypt","javascript"
"haste","javascript"
"validform","javascript"
"simplexmlrpcserver","python"
"webdriver-io","javascript"
"jalangi","javascript"
"knockout-amd-helpers","javascript"
"gwt-compiler","java"
"threecsg","javascript"
"datatables-1.10","javascript"
"framerjs","javascript"
"mincemeat","python"
"jestjs","javascript"
"instafeedjs","javascript"
"jastor","java"
"prettytime","java"
"codahale-metrics","java"
"jasmine2.0","javascript"
"skbio","python"
"fannj","java"
"okio","java"
"jsonschema2pojo","java"
"asbio","r"
"stringi","r"
"webcrypto-api","javascript"
"mquan-cortex","javascript"
"visualrules","java"
"machina.js","javascript"
"obviel","javascript"
"grako","python"
"scalejs","javascript"
"gasp","python"
"johnny-five","javascript"
"wisdom-framework","java"
"geoalchemy2","python"
"webcl","javascript"
"j2objc","java"
"quasar","java"
"halbuilder","java"
"flippant","javascript"
"mime4j","java"
"dacapo","java"
"highmaps","javascript"
"catch-exception","java"
"tingodb","javascript"
"solrmeter","java"
"joblib","python"
"vizard","python"
"ciscoconfparse","python"
"youtube-iframe-api","javascript"
"openseadragon","javascript"
"grails-2.4","java"
"datamaps","javascript"
"jsprit","java"
"python-curses","python"
"phoria.js","javascript"
"clay","javascript"
"android-cling","java"
"ampersand.js","javascript"
"jmx-ws","java"
"joauth","java"
"resig","javascript"
"brubeck","python"
"slashdot","javascript"
"jatha","java"
"zebra","javascript"
"xcharts","javascript"
"python-click","python"
"objenesis","java"
"sql2java","java"
"epublib","java"
"parallel-foreach","r"
"ietester","javascript"
"jsonpickle","python"
"svgweb","javascript"
"pryr","r"
"flow-js","javascript"
"java-mission-control","java"
"documents4j","java"
"openhab","java"
"accumarray","r"
"jtwig","java"
"p5.js","javascript"
"django-rq","python"
"ldapjs","javascript"
"shopizer","java"
"window.crypto","javascript"
"wysihat","javascript"
"mibian","python"
"im4java","java"
"websockify","python"
"modgrammar","python"
"epub.js","javascript"
"mpld3","python"
"rafaeljs","javascript"
"marathontesting","java"
"klein-mvc","python"
"jsl","java"
"urlopen","python"
"languagetool","java"
"jsc3d","javascript"
"objc2j","java"
"pysphere","python"
"classmate","java"
"stringwriter","java"
"weblogic12g","java"
"h2o","r"
"weblogic-maven-plugin","java"
"jenv","java"
"django-chronograph","python"
"pysvg","python"
"ramda.js","javascript"
"annyang","javascript"
"htmlelements","java"
"protorpc","python"
"tiny-carousel","javascript"
"vaadin6","java"
"sweetalert","javascript"
"oltu","java"
"python-redmine","python"
"python-dragonfly","python"
"opensmpp","java"
"ta-lib","java"
"vaadin-valo-theme","java"
"sbt-0.12","java"
"ninjaframework","java"
"lobo","java"
"warework","java"
"magento2","r"
"oracle-maf","java"
"sgvizler","javascript"
"jsjac","javascript"
"graphlab","python"
"dagre","javascript"
"dagre-d3","javascript"
"rest.li","java"
"repo","python"
"jnrpe","java"
"javacompiler","java"
"canjs-plugin","javascript"
"noamtools","r"
"groovyc","java"
"dendropy","python"
"visual-studio-cordova","javascript"
"boto3","python"
"qf-test","java"
"rubaxa-sortable","javascript"
"jqzoom","javascript"
"peerjs","javascript"
"simplecaptcha","java"
"clpr","r"
"android-jack-and-jill","java"
"osascript","javascript"
"screeps","javascript"
"telescope","javascript"
"tt4j","java"
"python-huey","python"
"evaporate.js","javascript"
"resumablejs","javascript"
"pyspider","python"
"mox","python"
"sublimerope","python"
"isomorphic-javascript","javascript"
"turfjs","javascript"
"bootstrap-growl","javascript"
"adfs3.0","r"
"sst","python"
"chart.js","javascript"
"jbrowse","javascript"
"pathanimator","javascript"
"webvr","javascript"
"togetherjs","javascript"
"uncss","javascript"
"d3py","python"
"project-reactor","java"
"riemann-dashboard","javascript"
"voluptuous","python"
"xgoogle","python"
"caffe","python"
"lazy.js","javascript"
"troposphere","python"
"quadprog","r"
"teamcity-9.0","java"
"libcouchbase","python"
"mpi4py","python"
"gera","javascript"
"scrapyjs","javascript"
"webspec","java"
"gwt-2.7","javascript"
"dagger-2","java"
"r-caret","r"
"katex","javascript"
"rvest","r"
"pyccuracy","python"
"jqmath","javascript"
"komodo-ide","python"
"reactfx","java"
"bitcore","javascript"
"psych","r"
"jansi","java"
"bender.js","javascript"
"tinkerpop3","java"
"autopy","python"
"r.net","r"
"skyfield","python"
"arrow-python","python"
"nodyn","javascript"
"cxf-xjc-plugin","java"
"aurelia","javascript"
"aeroolib","python"
"readiumjs","javascript"
"metadata-extractor","java"
"webspeech-api","javascript"
"c3","javascript"
"libtorrent","python"
"alertifyjs","javascript"
"ortc","javascript"
"moea-framework","java"
"jcaptcha","java"
"jekejeke","java"
"eventlet","python"
"konvajs","javascript"
"svgpanzoom","javascript"
"pyenv","python"
"danf","javascript"
"goslate","python"
"math.js","javascript"
"dukescript","java"
"midi.js","javascript"
"needle-python","python"
"oval","java"
"apache-jena","java"
"coverage.py","python"
"image4j","java"
"wsgidav","python"
"knockout-1.2","javascript"
"leadfoot","javascript"
"eclipse-jee","java"
"chartist.js","javascript"
"webgl-earth","javascript"
"knockout-3.2","javascript"
"stem","python"
"echarts","javascript"
"gnostice-pdf-one","java"
"nativescript","javascript"
"argparse4j","java"
"pyftpdlib","python"
"sodium","java"
"distributed-r","r"
"preloadjs","javascript"
"rtcc","javascript"
"iframe-resizer","javascript"
"pylearn","python"
"nuiton","java"
"circuits-framework","python"
"meteor-tracker","javascript"
"random-js","javascript"
"relay","javascript"
"alasql","javascript"
"openfb","javascript"
"plottable.js","javascript"
"buildingblocks","java"
"mocha-phantomjs","javascript"
"flatpack","java"
"duocode","javascript"
"cassandra-stress","java"
"maquette","javascript"
"general-sql-parser","java"
"dronekit-python","python"
"jspresso","java"
"folium","python"
"jqassistant","java"
"klepto","python"
"forbiddenfruit","python"
"copperlicht","javascript"
"j48","java"
"pyinvoke","python"
"evosuite","java"
"eclipse-jsdt","javascript"
"frej","java"
"java-security","java"
"jena-rules","java"
"caat","javascript"
"mapbox-gl-js","javascript"
"dandelion","java"
"electron","javascript"
"react-alt","javascript"
"microsoft-edge","javascript"
"lmfit","python"
"joptimizer","java"
"patsy","python"
"pyral","python"
"clearscript","javascript"
"numeral.js","javascript"
"cordova-5.0.0","javascript"
"smartmeter","java"
"leakcanary","java"
"bridj","java"
"openmdao","python"
"jolt","java"
"pysal","python"
"ocanvas","javascript"
"openpgp.js","javascript"
"facebook4j","java"
"docx4j.net","java"
"audiolet","javascript"
"yadda","javascript"
"enchantjs","javascript"
"javascriptools","javascript"
"saratoga","python"
"jchronic","java"
"keras","python"
"apache-zeppelin","python"
"imgix-js","javascript"
"freezegun","python"
"jira-rest-java-api","java"
"liquidfun","java"
"todomvc","javascript"
"famous-engine","javascript"
"knockout-extensions","javascript"
"guidewire","java"
"dpkt","python"
"plone-5.x","python"
"jwpl","java"
"matterjs","javascript"
"sutime","java"
"aws-java-sdk","java"
"yeppp","java"
"pysam","python"
"prettytable","python"
"dollar.swift","javascript"
"orson-charts","java"
"swampdragon","python"
"qulice","java"
"aurelia-binding","javascript"
"facescontext","java"
"ui4j","java"
"morena","java"
"basehttpserver","python"
"invocation-api","java"
"gagawa","java"
"rmiio","java"
"djinni","java"
"fluent-http","java"
"jquery-rotate","javascript"
"nolearn","python"
"polyglot","python"
"glge","javascript"
"gl-matrix","javascript"
"gud","python"
"cylon.js","javascript"
"picturefill","javascript"
"quanteda","r"
"adal.js","javascript"
"alfresco-webscripts","javascript"
"triflejs","javascript"
"enplug-sdk","java"
"rselenium","r"
"hubarcode","python"
"webargs","python"
"linkurious","javascript"
"openexi","java"
"exificient","java"
"visualize","javascript"
"editablegrid","javascript"
"extjs6","javascript"
"dask","python"
"python-webbrowser","python"
"angular-openlayers","javascript"
"openjml","java"
"openjscad","javascript"
"libmproxy","python"
"dt","r"
"behavior-ui","javascript"
"mdanalysis","python"
"famous-framework","javascript"
"google-maps-embed","javascript"
"dispatch-scala","java"
"deadbolt-2","java"
"tabris-js","javascript"
"kefir.js","javascript"
"taconite","javascript"
"mlr","r"
"realityserver","javascript"
"mechanicalsoup","python"
"delorian","python"
"pdfrw","python"
"python-telegram-bot","python"
"jquery-globalize","javascript"
"jppf","java"
"la4j","java"
"hibernate-5.x","java"
"guice-servlet","java"
"wicket-1.4","java"
"falcor","javascript"
"streamparse","python"
"seedstack","java"
"shinydashboard","r"
"qutip","python"
"rospy","python"
"helmet.js","javascript"
"ocpsoft-rewrite","java"
"jose4j","java"
"jsonrpc4j","java"
"nodebox-linguistics","python"
"play-authenticate","java"
"koloboke","java"
"styleframe","python"
"gwt-log4j","java"
"xgboost","r"
"jetty-9","java"
"jinq","java"
"geoext3","javascript"
"document.evaluate","javascript"
"relayjs","javascript"
"isotope","javascript"
"jberet","java"
"moshi","java"
"sejda","java"
"bootstrap-tabs","javascript"
"pager.js","javascript"
"atatus","javascript"
"pixi.js","javascript"
"rivr","java"
"pdoc","python"
"epd-python","python"
"cordova-ios","javascript"
"python-hypothesis","python"
"jsondoc","java"
"osmandmapcreator","java"
"office-js","javascript"
"nxweb","python"
"postcss","javascript"
"apache-cordova","javascript"
"python-appium","python"
"amp-html","javascript"
"cloveretl","java"
"yt-project","python"
"charm-crypto","python"
"dotvvm","javascript"
"moxiemocks","java"
"siesta-swift","javascript"
"agile-central","java"
"tvjs","javascript"
"cajo","java"
"java-threads","java"
"pygithub","python"
"oracle-jet","javascript"
"selenide","java"
"powermockito","java"
"spring-2.5","java"
"vertx3","java"
"vexi","java"
"j8583","java"
"node-usb","javascript"
"uc-browser","java"
"fastutil","java"
"tipped","javascript"
"alt.js","javascript"
"payeezy","javascript"
"reductio","javascript"
"java-deployment-toolkit","javascript"
"toolz","python"
"mercuryjs","javascript"
"jshell","java"
"apache-commons-lang3","java"
"jfr","java"
"dragula","javascript"
"jopendocument","java"
"meteor-mobile","javascript"
"grails-3.0.9","java"
"qstk","python"
"simplewebrtc","javascript"
"tinymce-4.2","javascript"
"streamex","java"
"libsvmsharp","java"
"castra","python"
"sklearn-pandas","python"
"pyamg","python"
"javers","java"
"money.js","javascript"
"cyclejs","javascript"
"marshmallow","python"
"jupyter-notebook","python"
"flask-potion","python"
"matplotlib-venn","python"
"pmock","python"
"stream-framework","python"
"javapackager","java"
"inria-spoon","java"
"netbeans-8.1","java"
"ionic2","javascript"
"tmap","r"
"htmlwidgets","r"
"glumpy","python"
"pyper","python"
"webob","python"
"particles.js","javascript"
"classifyjs","javascript"
"casper-dataset","java"
"objgraph","python"
"sbt-docker","java"
"ag-grid","javascript"
"pyre2","python"
"pint","python"
"gcloud-python","python"
"restfuse","java"
"indexeddbshim","javascript"
"wildfly-9","java"
"fusion360","python"
"jsfml","java"
"pweave","python"
"jobjectformatter","java"
"marklogic-corb","java"
"mlcp","java"
"riotjs","javascript"
"grails-3.1","java"
"jjs","javascript"
"odometer","javascript"
"deeplearning4j","java"
"dreemgl","javascript"
"wildfly-10","java"
"python-nvd3","python"
"webapp-runner","java"
"pircbot","java"
"popmotion","javascript"
"msf4j","java"
"vivus","javascript"
"pressure.js","javascript"
"purrr","r"
"tweenjs","javascript"
"stampit.js","javascript"
"r-xlsx","r"
"biosppy","python"
"gcloud-java","java"
"pypdf2","python"
"mobx","javascript"
"python-db-api","python"
"jxbrowser","java"
"mxnet","python"
"superdesk","python"
"jline2","java"
"copernica-php-js","javascript"
"google-maps-autocomplete","javascript"
"prefixfree","javascript"
"google-gadget","javascript"
"pymatgen","python"
"orbit.js","javascript"
"lovefield","javascript"
"sublime-anaconda","python"
"dl4j","java"
"jaxer","javascript"
"grappa","java"
"winpexpect","python"
"venn.js","javascript"
"lagom","java"
"jquery.fileapi","javascript"
"fingerprintjs","javascript"
"fingerprintjs2","javascript"
"cuba-platform","java"
"spotipy","python"
"recordrtc","javascript"
"jdal","java"
"python-coverage","python"
"aframe","javascript"
"python-pptx","python"
"ruamel.yaml","python"
"sql2o","java"
"dragsort","javascript"
"rtcmulticonnection","javascript"
"sap-r3","r"
"sapjco3","java"
"canvas3d","java"
"uvcharts","javascript"
"circlize","r"
"theano.scan","python"
"castor-jdo","java"
"highlightjs","javascript"
"accounting.js","javascript"
"wheelnav.js","javascript"
"xlsx-js","javascript"
"dlib-python","python"
"pvts","python"
"tabula","java"
"feign","java"
"rune.js","javascript"
"doc2vec","python"
"rtvs","r"
"mobiledoc-kit","javascript"
"jack-compiler","java"
"bigr","r"
"openmesh","python"
"mtj","java"
"gdx-ai","java"
"chart.js2","javascript"
"bleach","python"
"holoviews","python"
"jinjava","java"
"quantreg","r"
"js-joda","javascript"
"pyleus","python"
"grunt-istanbul","javascript"
"laspy","python"
"cerberus","python"
"jeta","java"
"errbot","python"
"reason","javascript"
"firebase-cloud-messaging","javascript"
"wffweb","java"
"spark-framework","java"
"component.js","javascript"
"nwjs","javascript"
"bioservices","python"
"androjeta","java"
"cubes","python"
"app-engine-flexible","java"
"osg.js","javascript"
"pyomo","python"
"apache-kafka-streams","java"
"vue-loader","javascript"
"nse","r"
"fiware-cep","java"
"cassandra-python-driver","python"
"jspsych","javascript"
"spectrumjs","javascript"
"jgiven","java"
"scrapy-splash","javascript"
"pythonplotter","python"
"xrmservicetoolkit","javascript"
"lerna","javascript"
"shipitjs","javascript"
"pybossa","python"
"gwt-2.8","javascript"
"termcolor","python"
"neurolab","python"
"biweekly","java"
"d3v4","javascript"
"sorttable.js","javascript"
"tcomb","javascript"
"opal-framework","java"
"grpc-java","java"
"sortablejs","javascript"
"hls.js","javascript"
"jsefa","java"
"moto","python"
"malmo","python"
"gstreamer-0.10","python"
"itext7","java"
"jboss-forge","java"
"xstream-js","javascript"
"d3.js-v4","javascript"
"redux-mock-store","javascript"
"jus","java"
"tarsosdsp","java"
"boomla","javascript"
"bfo","java"
"aloha","javascript"
"sap-gui","java"
"text2vec","r"
"functools","python"
"etetoolkit","python"
"gigglejs","javascript"
"pybonjour","python"
"rdf4j","java"
"pyez","python"
"tktable","python"
"mountebank","javascript"
"serde-json","javascript"
"activeweb","java"
"google-python-api","python"
"hexmachina","javascript"
"ete3","python"
"hug","python"
"jdeps","java"
"sanctuary","javascript"
"excellentexport","javascript"
"snimpy","python"
"r-exams","r"
"monaco-editor","javascript"
"ember-1","javascript"
"neupy","python"
"validate.js","javascript"
"sw-precache","javascript"
"phpdesktop","javascript"
"immutables-library","java"
"echo.js","javascript"
"univocity","java"
"nameko","python"
"vuejs2","javascript"
"adal4j","java"
"rxjs-dom","javascript"
"applepayjs","javascript"
"color-thief","javascript"
"amqpstorm","python"
"turbolinks-ios","javascript"
"remarkjs","javascript"
"jshortcut","java"
"pyjwt","python"
"oms","javascript"
"peakutils","python"
"rapidclipse","java"
"fuse.js","javascript"
"rx-java2","java"
"perfectjpattern","java"
"emerald-framework","python"
"rocket-loader","javascript"
"tidytext","r"
"graphene-python","python"
"pykalman","python"
"pydal","python"
"turn.js","javascript"
"django-assets","javascript"
"knitr-spin","r"
"styled-components","javascript"
"deltaxml","java"
"rhino-unit","javascript"
"bychan","java"
"prompt-toolkit","python"
"serenity-js","javascript"
"python-cryptography","python"
"blogdown","r"
"ibm-mq","java"
"meteor-1.3","javascript"
"meteor-1.4","javascript"
"bnlearn","r"
"pyeda","python"
"ff4j","java"
"websphere-traditional","java"
"ui-leaflet","javascript"
"react-fullstack","javascript"
"magnifier.js","javascript"
"concurrent-ruby","java"
"exif-js","javascript"
"matlab-app-designer","r"
"python-cloudant","python"
"pvlib","python"
"stripe.js","javascript"
"pyvisa","python"
"python-aiofiles","python"
"aiopg","python"
"websauna","python"
"pixiedust","python"
"webdrivermanager-java","java"
"ruffus","python"
"stomp.py","python"
"pyvenv","python"
"mufa","javascript"
"python-imageio","python"
"kendo-ui-builder","javascript"
"sanic","python"
"jheatchart","java"
"splash-js-render","javascript"
"web-audio-api","javascript"
"aws-sdk-nodejs","javascript"
"infernojs","javascript"
"soa-model","java"
"pyproj","python"
"pdf-java-toolkit","java"
"simplemde","javascript"
"adobe-pdf-library","java"
"lackey","python"
"expo","javascript"
"barman","python"
"speedment","java"
"jsystem","java"
"cropperjs","javascript"
"jave","java"
"countvectorizer","python"
"dictvectorizer","python"
"chalice","python"
"httpbuilder-ng","java"
"calfuzzer","java"
"extjs6.2","javascript"
"otree","python"
"cxjs","javascript"
"rest-assured-jsonpath","java"
"boxable","java"
"playcanvas","javascript"
"oct2py","python"
"vapoursynth","python"
"ionic3","javascript"
"react-highcharts","javascript"
"spss-modeler","python"
"typeshed","python"
"treq","python"
"actframework","java"
"bucklescript","javascript"
"aiosmtpd","python"
"discord.py","python"
"jssip","javascript"
"stateless4j","java"
"ahp","r"
"aws-sdk-js","javascript"
"api-platform.com","javascript"
"awaitility","java"
"storybook","javascript"
"mini2dx","java"
"archunit","java"
"telethon","python"
"ujmp","java"
"laravel-mix","javascript"
"dask-distributed","python"
"rbokeh","r"
"python-sacred","python"
"plotly-dash","python"
"altair","python"
"wolkenkit","javascript"
"chainer","python"
"rhamt","java"
"container-managed","java"
"particle.js","javascript"
"catboost","python"
"numeraljs","javascript"
"hslogger","python"
"logbook","python"
"vader","python"
"thelounge","javascript"
"exchangelib","python"
"python-newspaper","python"
"spring-config","java"
"web3","javascript"
"tablib","python"
"ffmpeg.js","javascript"
"eme","javascript"
"phantomjs-node","javascript"
"pyamf","python"
"apache-velocity","java"
"sygic-maps","javascript"
"npyscreen","python"
"roaster","java"
"jep-256","java"
"testcontainers","java"
"ionic4","javascript"
"quartz.net-3.0","java"
"anime.js","javascript"
"mido","python"
"platypus-optimizer","python"
"stplanr","r"
"t-test","r"
"pkgdown","r"
"cactoos","java"
"cv2","python"
"selenium-extent-report","java"
"pitchfork","java"
"phyloseq","r"
"edward","python"
"oidc-client-js","javascript"
"contentful-vault","java"
"unitizer","r"
"neutronium","javascript"
"xaringan","r"
"python-pattern","python"
"coremltools","python"
"webpacker","javascript"
"kabeja","java"
"apify","javascript"
"key-formal-verification","java"
"toothpick-di","java"
"jlink","java"
"pygrametl","python"
"python-attrs","python"
"accelerated-mobile-page","javascript"
"smile","java"
"oajax.js","javascript"
"wildfly-11","java"
"abseil","python"
"slate.js","javascript"
"surveyjs","javascript"
"ibis","python"
"quantopian","python"
"pusher-js","javascript"
"smidge","javascript"
"bootstrap-native","javascript"
"camel-http","java"
"qtwebchannel","javascript"
"ami.js","javascript"
"printjs","javascript"
"nestjs","javascript"
"sweetalert2","javascript"
"sheetjs","javascript"
"tinylog","java"
"any23","java"
"swirl","r"
"weatherdata","r"
"openstacksdk","python"
"webchem","r"
"pipenv","python"
"cement","python"
"pytube","python"
"yellowbrick","python"
"tpot","python"
"influxdb-python","python"
"aws-cloud9","javascript"
"jool-library","java"
"analytics-engine-python-sdk","python"
"pygraph","python"
"rcrawler","r"
"python-manylinux","python"
"tquery","javascript"
"weppy","python"
"visnetwork","r"
"unpoly","javascript"
"python-dedupe","python"
"luxon","javascript"
"ggmosaic","r"
"dynet","python"
"webcola","javascript"
"metafor","r"
"nomin","java"
"react-relay","javascript"
"jss","javascript"
"r-leaflet","r"
"r-plotly","r"
"javascript.net","javascript"
"detectrtc","javascript"
"cryptojacking","javascript"
"pyforms","python"
"apache-johnzon","java"
"rapidoid","java"
"httpuv","r"
"rpivottable","r"
"gsubfn","r"
"umple","java"
"hypertools","python"
"pyro.ai","python"
"billboard.js","javascript"
"yattag","python"
"choroplethr","r"
"pysipp","python"
"jpbc","java"
"requests-futures","python"
"webcam-capture","java"
"javac-compiler-plugin","java"
"python-keyring","python"
"pxssh","python"
"vaadin10","java"
"reprex","r"
"discord.io","javascript"
"ggraph","r"
"getorgchart","javascript"
"webpack-4","javascript"
"hyperapp","javascript"
"skylark","python"
"winappdriver","python"
"overthere","java"
"facebook-prophet","r"
"enigma-catalyst","python"
"tabulator","javascript"
"netflix-hollow","java"
"pygmo","python"
"seq2seq","python"
"reticulate","r"
"tinyradius","java"
"metpy","python"
"python-pex","python"
"featuretools","python"
"popper.js","javascript"
"zuul-testing","javascript"
"chartjs-2.6.0","javascript"
"pylast","python"
"nilearn","python"
"jsapar","java"
"java-http-client","java"
"drake","python"
"tensorflow.js","javascript"
"jargo","java"
"moditect","java"
"brew-python","python"
"divio","python"
"d3-cloud","javascript"
"redux-saga-test-plan","javascript"
"apache-commons-imaging","java"
"mne-python","python"
"escp","python"
"uri.js","javascript"
"trustmanager","java"
"jose","javascript"
"rxjs6","javascript"
"python-antigravity","python"
"jooby","java"
"elm-port","javascript"
"xstate","javascript"
"esri-loader","javascript"
"picocli","java"
"apollo-client","javascript"
"geom-col","r"
"r-lemon","r"
"jnosql","java"
"elasticsearch-dsl-py","python"
"baguettebox","javascript"
"cbmpy","python"
"quart","python"
"jade-platform","javascript"
"desctools","r"
"casl","javascript"
"scikit-multilearn","python"
"r-graphviz","r"
"bodybuilder.js","javascript"
"priority-web-sdk","javascript"
"augmentor","python"
"pythonnet","python"
"bonobo-etl","python"
"pysys","python"
"tavern","python"
"bbc-tal","javascript"
"graphql-spqr","java"
"natural-language-processing","python"
"imutils","python"
"zipapp","python"
"drake-r-package","r"
"apollo-angular","javascript"
"sipml5","javascript"
"fluture","javascript"
"rtools","r"
"nsepy","python"
"pyrfc","python"
"tidygraph","r"
"python-requests-html","python"
"quotemeta","javascript"
"enjoyhint","javascript"
"vue-instant-search","javascript"
"ajaxtags","javascript"
"lit-html","javascript"
"autograd","python"
"bert-toolkit","r"
"date-fns","javascript"
"stryker","javascript"
"google-compile-testing","java"
"svg-salamander","java"
"gateone","javascript"
"masonite","python"
"greta","r"
"pcapy","python"
"azure-webapps","java"
"ttx-fonttools","python"
"jsonassert","java"
"j2html","java"
"alluxio","java"
"starcraftgym","python"
"labelimg","python"
"geofirestore","javascript"
"react-native-svg","javascript"
"pynput","python"
"graphene-sqlalchemy","python"
"azure-web-app-service","java"
"auto-keras","python"
"xeponline","javascript"
"resolvejs","javascript"
"pf4j","java"
"barbajs","javascript"
"webflow","javascript"
"python-responses","python"
"apexcharts","javascript"
"waypoint","javascript"
"build-dependencies","java"
"glamor","javascript"
"observablehq","javascript"
"starlark","python"
"konvajs-reactjs","javascript"
"react-konva","javascript"
"python-camelot","python"
"ag-grid-e2e","javascript"
"mindsphere","java"
"ag-grid-react","javascript"
"gradle-properties","java"
"partial-lenses","javascript"
"fast-ai","python"
"mdptoolbox","python"
"jamstack","javascript"
"python-unittest.mock","python"
"alexa-presentation-language","javascript"
"gpyopt","python"
"python-schematics","python"
"ws","javascript"
"python-fire","python"
"wfastcgi","python"
"smokejs","javascript"
"torchscript","python"
"hyperopt","python"
"aws-java-sdk-2.x","java"
"big.js","javascript"
"appjar","python"
"unfoldingmap","java"
"selenium-shutterbug","java"
"webpack-chain","javascript"
"javapoly","java"
"gtts","python"
"toast-ui-image-editor","javascript"
"jasmine-ts","javascript"
"ray","python"
"sap-connector-java","java"
"order-of-execution","javascript"
"javalin","java"
"pyro4","python"
"contiperf","java"
"w3.js","javascript"
"faust","python"
"jupyter-lab","python"
"python-hunter","python"
"powerbi-custom-visuals","javascript"
"imblearn","python"
"asgi","python"
"python-poetry","python"
"optuna","python"
"plotly-python","python"
"pyviz","python"
"octoprint","python"
"terser","javascript"
"easy-batch","java"
"python-cmd","python"
"apache-dubbo","java"
"json-schema-faker","javascript"
"cleverhans","python"
"substratevm","java"
"pyppeteer","python"
"atlassian-ui","javascript"
"dpath","python"
"starlette","python"
"amcharts4","javascript"
"pyfilesystem","python"
"fnmatch","python"
"python-architect","python"
"hyperstack","javascript"
"ema-workbench","python"
"kuyruk","python"
"sap-cloud-sdk","java"
"gekko","python"
"pydantic","python"
"bigdl","python"
"apache-sshd","java"
"vtk.js","javascript"
"pyosmium","python"
"octokit-js","javascript"
"htmltools","r"
"tikzjax","javascript"
"jsforce","javascript"
"scikit-plot","python"
"python-chess","python"
"facebook-infer","java"
"tensorflowsharp","python"
"fastapi","python"
"java-date","java"
"pymodbustcp","python"
