python,python
java,java
swing,java
swt,java
mootools,javascript
struts,java
hibernate,java
servlets,java
seam,java
jpa,java
tapestry,java
struts2,java
scons,python
parser-generator,r
pyparsing,python
java-ee,java
eclipse,java
ant,java
lucene,java
django,python
jquery,javascript
gwt,javascript
dojo,javascript
jackson,java
maven,java
gson,java
flask,python
ejb-3.0,java
playframework,java
spring,java
r,r
canvas,java
solr,java
guice,java
guava,java
freemarker,java
jpa-2.0,java
sqlalchemy,python
wicket,java
grails,java
wxwidgets,python
jasper-reports,java
jackrabbit,java
matplotlib,python
zxing,java
waf,python
tinymce,javascript
junit,java
datanucleus,java
nunit,java
flot,javascript
qooxdoo,javascript
criteria-api,java
ggplot2,r
proj4js,javascript
node.js,javascript
extjs,javascript
jodatime,java
celery,python
opencv,python
itext,java
spring-mvc,java
jdbc,java
caliper,java
scribe,java
log4javascript,javascript
teamcity,java
refinerycms,javascript
jmf,java
jinja2,python
jax-rs,java
genshi,python
eclipse-rcp,java
jenkins,java
netbeans,java
ext.net,javascript
heroku,python
eclipse-plugin,java
svnkit,java
spring-roo,java
webwork,java
jquery-ui,javascript
sammy.js,javascript
backbone.js,javascript
google-maps-api-3,javascript
jocl,java
jmx,java
pygtk,python
scrapy,python
npm,javascript
osgi,java
jogl,java
raphael,javascript
catalyst,java
google-closure,javascript
mongoose,javascript
bonecp,java
pyramid,python
application-server,java
javadoc,java
ormlite,java
celerity,java
elementtree,python
shiro,java
pdfbox,java
wtforms,python
ironpython,python
berkeley-db,java
berkeley-db-je,java
jslint,javascript
javascript-events,javascript
tornado,python
google-earth-plugin,javascript
reportlab,python
satchmo,python
sencha-touch,javascript
wxpython,python
qunit,javascript
slf4j,java
jvm,java
awt,java
tkinter,python
gevent,python
zodb,python
jexcelapi,java
cobertura,java
werkzeug,python
plupload,javascript
bcel,java
stream,java
lucene.net,java
sphinx,python
pyjamas,python
mechanize,python
pymunk,python
jce,java
pysqlite,python
primefaces,java
mongokit,python
buildr,java
orm,java
sts-springsourcetoolsuite,java
jfreechart,java
vaadin,java
xmlhttprequest,javascript
wlst,java
lombok,java
openlayers,javascript
gaelyk,java
mockito,java
scipy,python
ejb,java
tweepy,python
prototypejs,javascript
ape,javascript
three.js,javascript
pyqt,python
apache-pivot,java
fabric,python
pyqt4,python
perf4j,java
turbogears2,python
java-bytecode-asm,java
underscore.js,javascript
turbogears,python
jena,java
functional-java,java
pycrypto,python
ibatis,java
qtip,javascript
jung,java
jtemplate,javascript
mako,python
stax,java
galleria,javascript
jets3t,java
jco,java
appcelerator-mobile,javascript
kombu,python
sitemesh,java
checkstyle,java
appcelerator,javascript
frontend,javascript
fusioncharts,javascript
rtsj,java
combres,javascript
quartz-scheduler,java
highcharts,javascript
jvmti,java
apache-poi,java
yui3,javascript
pyglet,python
twitter4j,java
anytime,javascript
pyobjc,python
jax-ws,java
proguard,java
poe,python
smack,java
script#,javascript
dfc,java
java.util.concurrent,java
dom4j,java
jdom,java
zk,java
jaxp,java
javadb,java
lamson,python
scriptaculous,javascript
jms,java
jndi,java
robotframework,python
flying-saucer,java
objectify,java
birt,java
jasmine,javascript
jspec,javascript
easymock,java
displaytag,java
dwr,java
soap4r,r
mojo,javascript
extjs4,javascript
jface,java
hunit,java
miglayout,java
javahl,java
restlet,java
web.py,python
swtbot,java
netbeans-7,java
agents-jade,java
python-sphinx,python
jpql,java
testng,java
python.net,python
twitter-anywhere,javascript
linked-list,java
jta,java
seam3,java
xom,java
protovis,javascript
codepro,java
jvisualvm,java
cglib,java
datatable,r
datatables,javascript
spring-aop,java
xjc,java
bouncycastle,java
spock,java
tk,python
jquery-globalization,javascript
vtk,java
lxml,python
googlecl,python
plyr,r
jquery-1.6,javascript
phantomjs,javascript
oracle-adf,java
plasticscm,java
pygame,python
template-toolkit,python
lync-2010,r
resteasy,java
jwplayer,javascript
dygraphs,javascript
web2py,python
nltk,python
google-closure-library,javascript
sympy,python
melt,r
worldwind,java
org.json,java
weka,java
pyopenssl,python
bottle,python
simplexml,java
review-board,python
history.js,javascript
openmap,java
coldspring,java
teechart,java
jpanel,java
zsi,python
dojox.charting,javascript
markerclusterer,javascript
sprockets,javascript
mallet,java
scriptom,java
javascriptmvc,javascript
gdata-java-client,java
lwjgl,java
cheetah,python
modernizr,javascript
jinput,java
graphael,javascript
scenejs,javascript
django-admin,python
infinispan,java
sbt,java
jdbi,java
jibx,java
jshint,javascript
docx4j,java
jsmpp,java
netty,java
soappy,python
plovr,javascript
javamail,java
gmp,python
netbeans-platform,java
sequelize.js,javascript
phpjs,javascript
suds,python
windows-ribbon-framework,r
mapstraction,javascript
biojava,java
siena,java
json-lib,java
xstream,java
javasound,java
m3g,java
spring-ldap,java
pandas,python
uima,java
visualvm,java
jsr296,java
rangy,javascript
saaj,java
beanstalkc,python
virtualenv,python
wsimport,java
xssf,java
json-simple,java
morphia,java
pytz,python
zepto,javascript
soundmanager2,javascript
odata4j,java
formalchemy,python
couchdb-python,python
querydsl,java
xuggle,java
mysql-python,python
jdoql,java
tiles2,java
sesame,java
d3.js,javascript
enyo,javascript
jasypt,java
lcdui,java
pybrain,python
boost-python,python
spynner,python
java-metro-framework,java
nowjs-sockets,javascript
pelops,java
c3p0,java
mpxj,java
optparse,python
jdepend,java
pyhook,python
jpa-1.0,java
jmockit,java
casbah,java
webapp2,python
history,javascript
j2mepolish,java
cldc,java
log4c,java
javafx-2,java
java-7,java
facebook-javascript-sdk,javascript
jspx,java
transmogrifier,python
extjs3,javascript
smooks,java
jak,java
jplayer,javascript
javax.script,java
excanvas,javascript
dataframe,r
jts,java
struts-1,java
datajs,javascript
openjpa,java
grizzly,java
emma,java
jprofiler,java
wma,java
mmapi,java
rms,java
trove4j,java
spine.js,javascript
openjms,java
mongoengine,python
whoosh,python
handlebars.js,javascript
openmq,java
appmobi,javascript
asset-pipeline,javascript
batman.js,javascript
yui2,javascript
scalacheck,java
sproutcore-2,javascript
jboss-cache,java
graphics2d,java
channel-api,javascript
google-api-java-client,java
facebooker2,javascript
phpquery,javascript
sshj,java
jericho-html-parser,java
apache-mina,java
icanhaz.js,javascript
javassist,java
jcr,java
endeca,java
ropemacs,python
arbor.js,javascript
ply,python
setuptools,python
sphinx4,java
slick2d,java
lettuce,python
charts4j,java
bnd,java
rally,java
cplex,java
broadleaf-commerce,java
hapi,java
swingx,java
batik,java
sling,java
graniteds,java
xapian,python
ebean,java
wowza,java
dx,java
jsr170,java
firefox-addon-sdk,javascript
lcds,java
powermock,java
struts1,java
junit4,java
junit3,java
apache-chainsaw,java
woodstock,java
deck.js,javascript
xmlrpclib,python
java-2d,java
java-3d,java
zappa,python
jbehave,java
echo2,java
wsdl2java,java
playn,java
skype4com,javascript
cocos2d-android,java
cocos2d-python,python
libgdx,java
java-compiler-api,java
recordstore,java
freetts,java
jsr75,java
hprof,java
processing.js,javascript
javascript-framework,javascript
olap4j,java
jsfl,javascript
fest,java
restfb,java
jdownloader,java
substance,java
pywinauto,python
itertools,python
playframework-2.0,java
web.xml,java
r.java-file,r
jsr82,java
sencha-touch-2,javascript
pyro,python
canonical-quickly,python
stringbuilder,java
thickbox,javascript
autosys,r
wicket-1.5,java
geotools,java
pypdf,python
python-sip,python
jquery-tools,javascript
jscience,java
rope,python
pyopengl,python
highstock,javascript
iodocs,javascript
cx-oracle,python
j#,java
visualj#,java
magiczoomplus,javascript
xui,javascript
swfupload,javascript
phpmd,java
javax.comm,java
pytables,python
openpyxl,python
paster,python
zelle-graphics,python
python-memcached,python
ember.js,javascript
scapy,python
knopflerfish,r
enunciate,java
sinon,javascript
toplink-essentials,java
biopython,python
infovis,javascript
easeljs,javascript
findall,python
popcornjs,javascript
dbvisualizer,java
pyinstaller,python
ical4j,java
jgit,java
jvm-languages,java
expression-web,javascript
arcpy,python
gunicorn,python
bsddb,python
thejit,javascript
uglifyjs,javascript
app-engine-ndb,python
white,java
concordion,java
python-requests,python
flexjson,java
kotlin,javascript
milton,java
os.system,python
ring,python
gate,java
kivy,python
cobra,java
google-maps-api-2,javascript
jquery-1.7,javascript
fdt,javascript
schemaspy,java
flatiron.js,javascript
onchange,javascript
opencsv,java
bean-io,java
javacv,java
google-places-api,javascript
jstack,java
qt-jambi,java
mocha,javascript
flotr,javascript
aparapi,java
websphinx,java
javahg,java
ranorex,java
easy-install,python
pavlov,javascript
jsr179,java
mayavi,python
mjsip,java
middleman,javascript
eclipse-m2t-jet,java
grinder,java
scikits,python
webobjects,java
nipype,python
jmesa,java
jcifs,java
jackcess,java
grails-2.0,java
soaplib,python
winjs,javascript
saf,java
supercsv,java
jtapi,java
database-com-sdk,java
dhtmlx,javascript
apache-httpcomponents,java
difflib,python
youtube-javascript-api,javascript
bluecove,java
hdiv,java
zombie.js,javascript
pythonxy,python
django-flatpages,python
jsctypes,javascript
astyanax,java
jsessionid,java
yui-calendar,javascript
jdesktop,javascript
mx4j,java
custom-component,java
babel,python
angularjs,javascript
web-developer-toolbar,javascript
pyface,python
beaker,python
leaflet,javascript
gdcm,python
ksoap,java
dropwizard,java
upshot,javascript
infowindow,javascript
cordova,javascript
paperjs,javascript
libming,python
gensim,python
jsdoc,javascript
derbyjs,javascript
jsapi,java
python-twitter,python
runit,r
jcuda,java
jopenid,java
hadoopy,python
chutzpah,javascript
google-eclipse-plugin,java
kernlab,r
window-tester,java
psycopg,python
jpcap,java
com4j,java
typeface.js,javascript
javascriptcore,javascript
bbc-glow,javascript
luajava,java
impress.js,javascript
easyb,java
jde,java
fmj,java
equinox,r
plotrix,r
google-caja,javascript
aqtime,java
f2py,python
playframework-1.x,java
serializable,java
rest-assured,java
chaco,python
pika,python
qtip2,javascript
trigger.io,javascript
yolk,python
backbone-routing,javascript
syntaxhighlighter,javascript
html5lib,python
dd4t,java
jaydata,javascript
grok,python
subgurim-maps,javascript
vert.x,java
quantstrat,r
jstween,javascript
momentjs,javascript
extjs4.1,javascript
stimulsoft,java
prefuse,java
knockout.js,javascript
illegalstateexception,java
google-ajax-api,javascript
html2canvas,javascript
squishit,javascript
ftputil,python
kineticjs,javascript
skype4java,java
jemmy,java
servlet-3.0,java
kss,javascript
dtsearch,java
jxl,java
jexl,java
java-gstreamer,java
apache-httpclient-4.x,java
mootools-more,javascript
mootools-sortable,javascript
mootools-fx,javascript
mootools1.2,javascript
parboiled,java
vegan,r
uispec4j,java
crossfilter,javascript
jgrapht,java
signpost,java
rxtx,java
sun-codemodel,java
datejs,javascript
monolog,python
bioconductor,r
mxgraph,javascript
dotless,javascript
jammit,javascript
java-wireless-toolkit,java
jespa,java
timertask,java
linkedhashmap,java
jsduck,javascript
jgroups,java
jettison,java
jline,java
knockout-2.0,javascript
paver,python
cyclone,python
japid,java
compareto,java
jxls,java
ajdt,java
picard,java
primefaces-extensions,java
oursql,python
boilerpipe,java
eclemma,java
sakai,java
pyd,python
re2,python
gruntjs,javascript
jnotify,java
python-gstreamer,python
opencpu,r
morphic,javascript
pypng,python
scikit-learn,python
watij,java
extjs2,javascript
zeroclipboard,javascript
openimaj,java
python-c-api,python
canjs,javascript
icepdf,java
simple-framework,java
kryo,java
pellet,java
mochikit,javascript
spry,javascript
log4cpp,java
iui,javascript
python-idle,python
japplet,java
jsr199,java
jsr310,java
jsr311,java
jsr257,java
yajsw,java
51degrees,java
pymox,python
onx,javascript
satchless,python
mplot3d,python
antform,java
jclouds,java
python-ldap,python
django-rest-framework,python
photoswipe,javascript
cloudify,python
alembic,python
pymacs,python
dojox.grid,javascript
deform,python
pyaudio,python
wakanda,javascript
google-nativeclient,javascript
dex2jar,java
chai,javascript
dali,java
springsource,java
chaplinjs,javascript
video.js,javascript
approval-tests,java
xlrd,python
createjs,javascript
matplotlib-basemap,python
pyexcelerator,python
titanium-modules,java
audiojs,javascript
sugar.js,javascript
jspdf,javascript
froogaloop,javascript
dotcmis,java
distutils2,python
feedparser,python
xades4j,java
nokia-wrt,javascript
skype4py,python
jcurses,java
opencmis,java
listjs,javascript
sqljet,java
quaqua,java
grails-2.1,java
knockout-mvc,javascript
jawt,java
simpy,python
petitparser,java
apache-commons-math,java
rcurl,r
gae-sessions,python
dotpeek,java
pysolr,python
wapiti,python
jubula,java
barcode4j,java
spring-insight,java
jsdt,javascript
javaw,java
webharvest,java
java-api,java
seed,javascript
intraweb,javascript
logfactory,java
python-2to3,python
wro4j,java
soot,java
mt4j,java
testthat,r
mojito,javascript
enquire.js,javascript
pythonmagick,python
javascriptserializer,javascript
ptvs,python
yourkit,java
jtoolbar,java
xdocreport,java
axon,java
sim-toolkit,java
xmpppy,python
django-johnny-cache,python
google-plugin-eclipse,java
jbullet,java
urllib3,python
wicket-1.6,java
axiom,java
snackjs,javascript
vaadin-touchkit,java
sys,python
snmp4j,java
xwpf,java
hwpf,java
taffydb,javascript
curvycorners,javascript
scriptella,java
scikit-image,python
jtidy,java
minidom,python
django-testing,python
unsatisfiedlinkerror,java
jambi,java
graphiti-js,javascript
healpy,python
resty,java
aether,java
gwidgets,r
breeze,javascript
jaws-wordnet,java
ghost4j,java
poi-hssf,java
kolite,javascript
toastr,javascript
imapclient,python
tampermonkey,javascript
jstat,javascript
roottools,java
ignite-ui,javascript
ewsjavaapi,java
jqote,javascript
cisco-jtapi,java
o3d,javascript
rgraph,javascript
benchmark.js,javascript
python-imaging-library,python
gridextra,r
rickshaw,javascript
pygsl,python
jfugue,java
rdflib,python
jlayer,java
pvs-studio,java
cytoscape.js,javascript
google-api-python-client,python
google-feed-api,javascript
persistence.xml,java
clint,python
google-http-client,java
gdb-python,python
buzz.js,javascript
checker-framework,java
ie7.js,javascript
webfont-loader,javascript
redips.drag,javascript
valums-file-uploader,javascript
contentflow,javascript
cloudcontrol,java
sencha-touch-2.1,javascript
mina,java
fuelux,javascript
openxava,java
pyml,python
ariatemplates,javascript
agility.js,javascript
innovation,java
jdi,java
performanceanalytics,r
javascript-debugger,javascript
dojo-1.6,javascript
easyxdm,javascript
jayrock,javascript
rpyc,python
jodd,java
python-iris,python
socialauth,java
googlevis,r
grails-2.0.4,java
min3d,java
tm,r
doclet,java
apache-commons-pool,java
apache-commons-compress,java
steam-condenser,java
http-unit,java
apache-commons-dbutils,java
durandal,javascript
tracekit,javascript
dagger,java
kazoo,python
sijax,python
jasmin-x86,java
batoo,java
dabo,python
imgscalr,java
python-docx,python
keyczar,java
stddraw,java
netbeans-7.2,java
facebooker,javascript
gitpython,python
genson,java
jtest,java
jasmine-jquery,javascript
gwt-dev-mode,javascript
iaik-jce,java
vraptor,java
javax.imageio,java
eyed3,python
crypt,python
mulan,java
freehep,java
google-cloud-endpoints,java
system-rules,java
singly-linked-list,java
attach-api,java
jawr,javascript
jnetpcap,java
greensock,javascript
kryonet,java
jtreetable,java
query-engine,javascript
jquery-1.9,javascript
sprox,python
mrunit,java
watchservice,java
ini4j,java
framejs,javascript
pyicu,python
apache-commons-email,java
jdto,java
jslint4java,java
libphonenumber,java
rgdal,r
plantuml,java
btrace,java
ajaxmin,javascript
miso.dataset,javascript
jarsigner,java
ckeditor.net,javascript
jsunit,javascript
maptools,r
apache-commons-config,java
sublimetext3,python
wxauitoolbar,python
httr,r
chaiscript,javascript
parsley.js,javascript
bacon.js,javascript
spyne,python
waffle,java
epydoc,python
opensaml,java
gwt-test-utils,java
jsonstore,javascript
lungojs,javascript
jcanvascript,javascript
pysvn,python
twitter-flight,javascript
python-jedi,python
grails-2.2,java
log4r,r
thinlet,java
rapidminer,java
uglifyjs2,javascript
joone,java
jpedal,java
lanterna,java
portletbridge,java
q,javascript
physijs,javascript
groc,javascript
downloadify,javascript
gwt-elemental,java
facepy,python
spring-portlet-mvc,java
smtpappender,java
frappe,python
owl-api,java
winreg,python
activitynotfoundexception,java
linkmovementmethod,java
arrayiterator,java
jsyn,java
cocosbuilder,javascript
gwt-highcharts,java
walltime-js,javascript
endpoints-proto-datastore,python
pyscard,python
tritonus,java
python-rq,python
steelseries,java
geraldo,python
nfop,java
jfreereport,java
gwt-openlayers,java
gplots,r
tabris,java
dc.js,javascript
uniobjects,java
python-openid,python
mpmath,python
console.log,javascript
pysimplesoap,python
rauth,python
intro.js,javascript
pygst,python
opentok,javascript
bulbs,python
twitter-r,r
camanjs,javascript
ejml,java
plumbum,python
jsf-2.2,java
jsfunit,java
ecobertura,java
lodash,javascript
flotr2,javascript
traminer,r
dat.gui,javascript
java-communication-api,java
elasticjs,javascript
appfuse,java
google-drive-realtime-api,javascript
r.js,javascript
wsdlc,java
jusb,java
jdmk,java
python-nose,python
pyudev,python
pyhoca-cli,python
scala-dispatch,java
xcore,java
thread-local,java
dropzone.js,javascript
python-pika,python
andromda,java
jncryptor,java
i18next,javascript
jsnetworkx,javascript
apache-lucy,java
androguard,python
xml.etree,python
toolkitchen,javascript
portaljs,javascript
pillow,python
webtest,python
typeahead.js,javascript
flask-login,python
jgap,java
twython,python
randori,javascript
androidviewclient,python
icheck,javascript
jquery-traversing,javascript
jersey-client,java
j-interop,java
cesium,javascript
intern,javascript
django-tests,python
jquery-2.0,javascript
koala-framework,javascript
pyp,python
bootbox,javascript
office365-apps,javascript
pixastic,javascript
jbuilder,java
appconkit,javascript
django-adaptors,python
congomongo,java
tweetstream,python
jqxwidgets,javascript
jhat,java
smallsql,java
retlang,java
kawa,java
pdfclown,java
cactus,java
ydn-db,javascript
theano,python
nifty-gui,java
dotnethighcharts,javascript
ie-developer-tools,javascript
distribute,python
ftp4j,java
istanbul,javascript
reactjs,javascript
pyfacebook,python
rx-java,java
jgraphx,java
mp4parser,java
javapns,java
dynamic-web-twain,javascript
phonejs,javascript
jointjs,javascript
media-source,javascript
python-elixir,python
packery,javascript
avian,java
pygit2,python
x-tag,javascript
sencha-touch-2.2,javascript
struts2-jquery-plugin,javascript
pyportmidi,python
ammap,javascript
devtools,r
tween.js,javascript
kartograph,python
unboundid-ldap-sdk,java
reviver-function,javascript
lpod,python
nitrousio,python
pydub,python
jnaerator,java
graphene2,java
funscript,javascript
splinter,python
grob,r
github3.py,python
php-imagine,python
venkman,javascript
locust,python
vline,javascript
flask-admin,python
expect.js,javascript
jpa-2.1,java
transfuse,java
gspread,python
queue.js,javascript
webgrease,javascript
jonix,java
jsonix,javascript
jsx,javascript
regula,javascript
joda-money,java
minifiedjs,javascript
aggdraw,python
entitylisteners,java
pycairo,python
jnario,java
hssf,java
livevalidation,javascript
sly-scroller,javascript
urwid,python
knockout-kendo,javascript
elasticutils,python
gitblit,java
heliconzoo,python
pynsq,python
ejb-2.x,java
gwt-2.5,javascript
mp3agic,java
gbm,r
tyrus,java
eslint,javascript
neo4j-spatial,java
jscoverage,javascript
jquery-datatables,javascript
netflix,javascript
python-paste,python
libcloud,python
dalekjs,javascript
isis,java
spring-tool-suite,java
zip.js,javascript
taskjs,javascript
xhtml2pdf,python
snapjs,javascript
bespoke.js,javascript
sigma.js,javascript
llvm-py,python
traitsui,python
zucchini,javascript
form2js.js,javascript
date-format,java
aesthetics,r
ssh.net,java
twitter-hbc,java
django-facebook,python
esky,python
python-jira,python
polychart,javascript
descartes,python
swagger-ui,javascript
python-magic,python
timing-framework,java
scitools,python
complete.ly,javascript
rundeck,java
wicket-6,java
ccc,javascript
canopy,python
eve,python
ractivejs,javascript
pysdl2,python
hk2,java
happybase,python
jmc,java
chatjs,javascript
pythomnic3k,python
zip4j,java
sockjs,javascript
durandal-2.0,javascript
flexmock,python
web-inf,java
ghcjs,javascript
sim.js,javascript
python-pulsar,python
fullpage.js,javascript
hammer,javascript
jest,java
appframework,javascript
stapes.js,javascript
yowsup,python
goinstant,javascript
mimosa,javascript
hello.js,javascript
snap.svg,javascript
python-ggplot,python
sylvester,javascript
bluebird,javascript
html5-history,javascript
google-oauth-java-client,java
praw,python
six-python,python
blackfish,java
netbeans-7.4,java
pdfminer,python
typesafe-config,java
mockachino,java
equalsverifier,java
evercookie,javascript
knockout-3.0,javascript
klocwork,java
couchdbkit,python
polymaps,javascript
kango-framework,javascript
plotly,r
pyuic,python
r-ape,r
javaapns,java
babylonjs,javascript
semantic-ui,javascript
json2html,javascript
myhdl,python
directwrite,r
konacha,javascript
graphhopper,java
jsnlog,javascript
jtopen,java
lungo,javascript
elessar,javascript
jcsv,java
sublime-text-plugin,python
blanket.js,javascript
opentip,javascript
laterjs,javascript
quojs,javascript
hibernate-postgresql,java
pyfftw,python
aura.js,javascript
falconframework,python
cpplint,python
bokeh,python
pygmaps,python
mule-module-jpa,java
jms2,java
devextreme,javascript
node-pdfkit,javascript
cups4j,java
siesta,javascript
pyusb,python
jssc,java
graphstream,java
jyaml,java
bc4j,java
xdoclet,java
seaborn,python
jsbn,javascript
leadtools-sdk,java
beatbox,python
client-dependency,javascript
webodf,javascript
zingchart,javascript
mathjs,javascript
httpretty,python
jaydebeapi,python
ejb-3.2,java
adal,java
sweet.js,javascript
aurora.js,javascript
jain-slee,java
comtypes,python
cucumberjs,java
symja,java
jnr,java
draw2d-js,javascript
android-json,java
transparency.js,javascript
jett,java
chessboard.js,javascript
kendo-template,javascript
objectinputstream,java
objectoutputstream,java
planetary.js,javascript
jt400,java
jmagick,java
java-time,java
visad,java
tether,javascript
marionette,javascript
vivagraphjs,javascript
pyjnius,python
python-behave,python
chap-links-library,javascript
pyhdf,python
boomerang,javascript
express.io,javascript
pyquery,python
jzy3d,java
sjcl,javascript
statnet,r
neo4jrestclient,python
rcaller,r
paw,java
c10n,java
dropdownchecklist,javascript
java2word,java
pymock,python
oauth2client,python
pygame-surface,python
aplpy,python
restlet-2.0,java
toscawidgets,python
rex,r
truelicense,java
canvasjs,javascript
thread-weaver,java
cefpython,python
swagger-play2,java
bliki,java
hglib,python
gmpy,python
pyevolve,python
ratpack,java
cloudpebble,javascript
jsr356,java
phaser-framework,javascript
jsmockito,java
meny-js,javascript
artemis,java
grails-2.3,java
scalameter,java
pysb,python
python-unittest,python
git-repo,python
rainbow-js,javascript
ratchet-bootstrap,javascript
avatarjs,java
jmtp,java
lightadmin,java
justgage,javascript
arcgis-js-api,javascript
marvinproject,java
rokajaxsearch,javascript
pyelftools,python
clang-format,java
barbecue,java
pixelmed,java
pybuilder,python
gojs,javascript
boofcv,java
jsobject,java
nipy,python
netbeans-8,java
asynchttpclient,java
fullcontact,java
jwi,java
psutil,python
masonry,javascript
mpj-express,java
pymssql,python
zoomcharts,javascript
jdk-tools,java
simplejmx,java
rational-performance-test,java
qset,java
pstats,python
jssor,javascript
oracle-adf-mobile,java
pyalgotrade,python
dexy,python
usb4java,java
soundjs,javascript
intelinde,java
project-avatar,javascript
forio-contour,javascript
min.js,javascript
webix,javascript
java-stream,java
rangeset,java
persistjs,javascript
jsocket,javascript
python-watchdog,python
dockerpy,python
graph-tool,python
jaunt-api,java
python-social-auth,python
totallylazy,java
breeze-sharp,javascript
extjs5,javascript
mongojack,java
byte-buddy,java
velocity.js,javascript
cleartk,java
olingo,java
parse4j,java
jsfeat,javascript
hdfstore,python
marvin-framework,java
chrome-web-driver,javascript
fexpect,python
rabbitpy,python
co,javascript
apache-commons-exec,java
broccolijs,javascript
pyelasticsearch,python
gs-collections,java
flexjs,javascript
jsonselect,javascript
pgu,python
pydrive,python
d3plus,javascript
jaggery-js,javascript
vue.js,javascript
jcodemodel,java
foxx,javascript
sat4j,java
com.sun.net.httpserver,java
node-java,java
interactive-brokers,java
ibpy,python
hibernate3,java
rcpp11,r
beehive,java
pidcrypt,javascript
validform,javascript
simplexmlrpcserver,python
webdriver-io,javascript
jalangi,javascript
knockout-amd-helpers,javascript
gwt-compiler,java
threecsg,javascript
datatables-1.10,javascript
framerjs,javascript
mincemeat,python
jestjs,javascript
apache-celix,java
jastor,java
prettytime,java
codahale-metrics,java
jasmine2.0,javascript
skbio,python
matlabcontrol,java
fannj,java
okio,java
jsonschema2pojo,java
asbio,r
stringi,r
webcrypto-api,javascript
mquan-cortex,javascript
machina.js,javascript
obviel,javascript
grako,python
scalejs,javascript
gasp,python
johnny-five,javascript
jccd,java
pyinsane,python
wisdom-framework,java
geoalchemy2,python
j2objc,java
quasar,java
halbuilder,java
flippant,javascript
tess4j,java
mime4j,java
dacapo,java
highmaps,javascript
catch-exception,java
nedb,javascript
dbsetup,java
solrmeter,java
joblib,python
tidyr,r
vizard,python
ciscoconfparse,python
youtube-iframe-api,javascript
parsepy,python
grails-2.4,java
jsonexception,java
datamaps,javascript
jsprit,java
python-curses,python
phoria.js,javascript
clay,javascript
ampersand.js,javascript
joauth,java
resig,javascript
brubeck,python
jatha,java
zebra,javascript
xcharts,javascript
python-click,python
objenesis,java
flickrj,java
sql2java,java
minecraft-forge,java
epublib,java
parallel-foreach,r
jsonpickle,python
svgweb,javascript
pryr,r
flow-js,javascript
java-mission-control,java
documents4j,java
accumarray,r
p5.js,javascript
django-rq,python
ldapjs,javascript
window.crypto,javascript
wysihat,javascript
mibian,python
im4java,java
modgrammar,python
epub.js,javascript
mpld3,python
rafaeljs,javascript
marathontesting,java
klein-mvc,python
threads-a-gogo,javascript
service-worker,javascript
urlopen,python
languagetool,java
python-multiprocessing,python
objc2j,java
pysphere,python
classmate,java
stringwriter,java
h2o,r
jenv,java
pychef,python
bpy,python
pysvg,python
mori,javascript
ramda.js,javascript
gapi,javascript
matlab-java,java
annyang,javascript
htmlelements,java
protorpc,python
tiny-carousel,javascript
vaadin6,java
sweetalert,javascript
oltu,java
python-redmine,python
python-dragonfly,python
opensmpp,java
ta-lib,java
vaadin-valo-theme,java
sbt-0.12,java
ninjaframework,java
lobo,java
warework,java
magento2,r
oracle-maf,java
sgvizler,javascript
jsjac,javascript
graphlab,python
dagre,javascript
dagre-d3,javascript
rest.li,java
repo,python
jnrpe,java
jpa-annotations,java
javacompiler,java
canjs-plugin,javascript
noamtools,r
groovyc,java
dendropy,python
visual-studio-cordova,javascript
qf-test,java
rubaxa-sortable,javascript
jqzoom,javascript
peerjs,javascript
simplecaptcha,java
clpr,r
java-attach-api,java
android-jack-and-jill,java
osascript,javascript
telescope,javascript
tt4j,java
pyvmomi,python
python-huey,python
evaporate.js,javascript
resumablejs,javascript
mox,python
sublimerope,python
turfjs,javascript
bootstrap-growl,javascript
sst,python
chart.js,javascript
jbrowse,javascript
pathanimator,javascript
webvr,javascript
togetherjs,javascript
uncss,javascript
d3py,python
project-reactor,java
voluptuous,python
xgoogle,python
caffe,python
lazy.js,javascript
troposphere,python
quadprog,r
teamcity-9.0,java
libcouchbase,python
mpi4py,python
gera,javascript
scrapyjs,javascript
jcache,java
webspec,java
pyspark,python
gwt-2.7,javascript
dagger-2,java
r-caret,r
katex,javascript
rvest,r
pyccuracy,python
reactfx,java
bitcore,javascript
psych,r
jansi,java
bender.js,javascript
tinkerpop3,java
html5-fullscreen,javascript
autopy,python
umd,javascript
jumblr,java
r.net,r
skyfield,python
arrow-python,python
nodyn,javascript
cxf-xjc-plugin,java
aurelia,javascript
aeroolib,python
readiumjs,javascript
metadata-extractor,java
webspeech-api,javascript
c3,javascript
libtorrent,python
alertifyjs,javascript
ortc,javascript
moea-framework,java
jcaptcha,java
jekejeke,java
eventlet,python
konvajs,javascript
svgpanzoom,javascript
pyenv,python
danf,javascript
goslate,python
math.js,javascript
dukescript,java
midi.js,javascript
needle-python,python
oval,java
apache-jena,java
coverage.py,python
image4j,java
knockout-1.2,javascript
leadfoot,javascript
eclipse-jee,java
chartist.js,javascript
webgl-earth,javascript
knockout-3.2,javascript
stem,python
echarts,javascript
gnostice-pdf-one,java
nativescript,javascript
snoocore,javascript
argparse4j,java
pyftpdlib,python
sodium,java
distributed-r,r
preloadjs,javascript
rtcc,javascript
iframe-resizer,javascript
pylearn,python
nuiton,java
circuits-framework,python
hapi-fhir,java
javapoet,java
meteor-tracker,javascript
linkedin-jsapi,javascript
random-js,javascript
relay,javascript
alasql,javascript
openfb,javascript
plottable.js,javascript
mocha-phantomjs,javascript
flatpack,java
duocode,javascript
cassandra-stress,java
maquette,javascript
general-sql-parser,java
dronekit-python,python
jspresso,java
folium,python
jsdoc3,javascript
jqassistant,java
klepto,python
forbiddenfruit,python
copperlicht,javascript
j48,java
jsr203,java
jintellitype,java
tinkerpop-frames,java
pyinvoke,python
mollie,python
evosuite,java
xslf,java
hslf,java
eclipse-jsdt,javascript
frej,java
java-security,java
jena-rules,java
caat,javascript
mapbox-gl-js,javascript
couchbase-java-api,java
dandelion,java
electron,javascript
react-alt,javascript
hippybot,python
lmfit,python
joptimizer,java
java-money,java
patsy,python
pyral,python
clearscript,javascript
numeral.js,javascript
smartmeter,java
leakcanary,java
bridj,java
jreddit,java
openmdao,python
jolt,java
pysal,python
ocanvas,javascript
openpgp.js,javascript
facebook4j,java
docx4j.net,java
audiolet,javascript
yadda,javascript
enchantjs,javascript
javascriptools,javascript
storio,java
saratoga,python
jchronic,java
keras,python
imgix-js,javascript
freezegun,python
liquidfun,java
todomvc,javascript
famous-engine,javascript
knockout-extensions,javascript
guidewire,java
js-cookie,javascript
dpkt,python
jwpl,java
sutime,java
aws-java-sdk,java
yeppp,java
pysam,python
prettytable,python
dollar.swift,javascript
orson-charts,java
swampdragon,python
qulice,java
aurelia-binding,javascript
facescontext,java
ui4j,java
morena,java
pysqlcipher,python
akka-camel,java
invocation-api,java
gagawa,java
rmiio,java
djinni,java
fluent-http,java
jquery-rotate,javascript
nolearn,python
polyglot,python
glge,javascript
gl-matrix,javascript
gud,python
cylon.js,javascript
jul-to-slf4j,java
quanteda,r
adal.js,javascript
triflejs,javascript
enplug-sdk,java
rselenium,r
hubarcode,python
webargs,python
linkurious,javascript
openexi,java
exificient,java
visualize,javascript
apache-flink,java
editablegrid,javascript
selectionmodel,java
extjs6,javascript
dask,python
angular-openlayers,javascript
openjml,java
openjscad,javascript
libmproxy,python
dt,r
behavior-ui,javascript
mdanalysis,python
famous-framework,javascript
google-maps-embed,javascript
dispatch-scala,java
deadbolt-2,java
tabris-js,javascript
kefir.js,javascript
taconite,javascript
javax.persistence,java
mlr,r
realityserver,javascript
mechanicalsoup,python
delorian,python
pdfrw,python
python-telegram-bot,python
jquery-globalize,javascript
jppf,java
la4j,java
hibernate-5.x,java
wicket-1.4,java
falcor,javascript
shinydashboard,r
qutip,python
rospy,python
helmet.js,javascript
ocpsoft-rewrite,java
jose4j,java
jsonrpc4j,java
kura,java
nodebox-linguistics,python
play-authenticate,java
koloboke,java
pytumblr,python
styleframe,python
gwt-log4j,java
xgboost,r
jinq,java
suitescript,javascript
geoext3,javascript
relayjs,javascript
isotope,javascript
jberet,java
moshi,java
sejda,java
pager.js,javascript
pixi.js,javascript
rivr,java
pdoc,python
epd-python,python
springfox,java
pywikibot,python
cordova-ios,javascript
python-hypothesis,python
jsondoc,java
osmandmapcreator,java
postcss,javascript
apache-cordova,javascript
python-appium,python
amp-html,javascript
cloveretl,java
yt-project,python
charm-crypto,python
dotvvm,javascript
moxiemocks,java
siesta-swift,javascript
agile-central,java
tvjs,javascript
cajo,java
java-threads,java
guacamole,java
pygithub,python
oracle-jet,javascript
selenide,java
powermockito,java
spring-2.5,java
vertx3,java
j8583,java
node-usb,javascript
fastutil,java
tipped,javascript
alt.js,javascript
payeezy,javascript
rstan,r
reductio,javascript
sql-processor,java
java-deployment-toolkit,javascript
toolz,python
mercuryjs,javascript
tabletop.js,javascript
flink-streaming,java
jshell,java
apache-commons-lang3,java
jfr,java
dragula,javascript
jopendocument,java
grails-3.0.9,java
qstk,python
simplewebrtc,javascript
streamex,java
libsvmsharp,java
castra,python
sklearn-pandas,python
pyamg,python
javers,java
money.js,javascript
cyclejs,javascript
marshmallow,python
flask-potion,python
matplotlib-venn,python
pmock,python
stream-framework,python
javapackager,java
inria-spoon,java
netbeans-8.1,java
ionic2,javascript
tmap,r
htmlwidgets,r
glumpy,python
pyper,python
particles.js,javascript
classifyjs,javascript
katharsis,java
casper-dataset,java
objgraph,python
sbt-docker,java
eventsource,javascript
ag-grid,javascript
pyre2,python
pint,python
gcloud-python,python
restfuse,java
indexeddbshim,javascript
fusion360,python
okhttp3,java
jsfml,java
caffeine,java
appcelerator-studio,javascript
appcelerator-hyperloop,javascript
appc-hyperloop,javascript
pweave,python
jobjectformatter,java
marklogic-corb,java
mlcp,java
riotjs,javascript
pivot4j,java
grails-3.1,java
jjs,javascript
odometer,javascript
java-persistence-api,java
deeplearning4j,java
dreemgl,javascript
python-nvd3,python
musicg,java
pep3118,python
pircbot,java
popmotion,javascript
msf4j,java
vivus,javascript
pressure.js,javascript
purrr,r
tweenjs,javascript
stampit.js,javascript
r-xlsx,r
biosppy,python
gcloud-java,java
choco,java
pypdf2,python
mobx,javascript
python-db-api,python
mxnet,python
superdesk,python
jline2,java
copernica-php-js,javascript
google-maps-autocomplete,javascript
prefixfree,javascript
pymatgen,python
orbit.js,javascript
methodhandle,java
lovefield,javascript
sublime-anaconda,python
dl4j,java
winpexpect,python
venn.js,javascript
lagom,java
jquery.fileapi,javascript
fingerprintjs,javascript
fingerprintjs2,javascript
cuba-platform,java
spotipy,python
recordrtc,javascript
docker-java,java
jdal,java
python-coverage,python
aframe,javascript
ws4j,java
python-pptx,python
ruamel.yaml,python
sql2o,java
dragsort,javascript
rtcmulticonnection,javascript
sapjco3,java
canvas3d,java
uvcharts,javascript
theano.scan,python
castor-jdo,java
highlightjs,javascript
accounting.js,javascript
wheelnav.js,javascript
xlsx-js,javascript
dlib-python,python
pvts,python
plumber,r
tabula,java
feign,java
rune.js,javascript
javascript-api-for-office,javascript
doc2vec,python
rtvs,r
mobiledoc-kit,javascript
jack-compiler,java
go-html-template,javascript
bigr,r
openmesh,python
mtj,java
gdx-ai,java
chart.js2,javascript
bleach,python
holoviews,python
quantreg,r
js-joda,javascript
pyleus,python
xqj,java
grunt-istanbul,javascript
laspy,python
cerberus,python
jeta,java
errbot,python
reason,javascript
wffweb,java
spark-framework,java
component.js,javascript
androjeta,java
cubes,python
osg.js,javascript
apache-kafka-streams,java
nse,r
fiware-cep,java
cassandra-python-driver,python
jspsych,javascript
spectrumjs,javascript
jgiven,java
scrapy-splash,javascript
pythonplotter,python
xrmservicetoolkit,javascript
lerna,javascript
shipitjs,javascript
pybossa,python
gwt-2.8,javascript
termcolor,python
neurolab,python
biweekly,java
d3v4,javascript
sorttable.js,javascript
comsol,java
tcomb,javascript
opal-framework,java
googleway,r
grpc-java,java
sortablejs,javascript
hls.js,javascript
jsefa,java
pyexcel,python
moto,python
malmo,python
gstreamer-0.10,python
itext7,java
jboss-forge,java
xstream-js,javascript
d3.js-v4,javascript
redux-mock-store,javascript
jus,java
tarsosdsp,java
bfo,java
aloha,javascript
sap-gui,java
text2vec,r
functools,python
etetoolkit,python
dropbox-js,javascript
gigglejs,javascript
pybonjour,python
rdf4j,java
pyez,python
ultraesb,java
tktable,python
mountebank,javascript
serde-json,javascript
activeweb,java
google-python-api,python
hexmachina,javascript
ete3,python
hug,python
jdeps,java
sanctuary,javascript
excellentexport,javascript
snimpy,python
r-exams,r
monaco-editor,javascript
ember-1,javascript
neupy,python
validate.js,javascript
sw-precache,javascript
grib-api,python
immutables-library,java
echo.js,javascript
univocity,java
nameko,python
vuejs2,javascript
adal4j,java
color-thief,javascript
amqpstorm,python
turbolinks-ios,javascript
remarkjs,javascript
jshortcut,java
pyjwt,python
dropbox-java,java
oms,javascript
peakutils,python
rapidclipse,java
fuse.js,javascript
rx-java2,java
perfectjpattern,java
emerald-framework,python
tidytext,r
graphene-python,python
pykalman,python
aws-sdk-mock,javascript
jsr-353,java
pydal,python
countdownjs.js,javascript
turn.js,javascript
django-assets,javascript
knitr-spin,r
styled-components,javascript
deltaxml,java
rhino-unit,javascript
bychan,java
prompt-toolkit,python
serenity-js,javascript
python-cryptography,python
mailchimp-api-v3.0,python
ibm-mq,java
bnlearn,r
pyeda,python
ff4j,java
ui-leaflet,javascript
react-fullstack,javascript
concurrent-ruby,java
exif-js,javascript
matlab-app-designer,r
python-cloudant,python
pvlib,python
stripe.js,javascript
pi4j,java
ansible-api,python
pyvisa,python
python-aiofiles,python
aiopg,python
websauna,python
pixiedust,python
webdrivermanager-java,java
ruffus,python
stomp.py,python
pyvenv,python
mufa,javascript
python-imageio,python
kendo-ui-builder,javascript
jheatchart,java
splash-js-render,javascript
web-audio-api,javascript
infernojs,javascript
soa-model,java
pyproj,python
pdf-java-toolkit,java
adobe-pdf-library,java
lackey,python
expo,javascript
barman,python
groupdocs,java
speedment,java
jsystem,java
scriptcraft,javascript
cropperjs,javascript
jave,java
countvectorizer,python
dictvectorizer,python
chalice,python
httpbuilder-ng,java
firebase-admin,java
apsw,python
calfuzzer,java
extjs6.2,javascript
otree,python
cxjs,javascript
rest-assured-jsonpath,java
boxable,java
oct2py,python
vapoursynth,python
react-highcharts,javascript
spss-modeler,python
typeshed,python
treq,python
scriptlab,javascript
actframework,java
bucklescript,javascript
aiosmtpd,python
discord.py,python
jssip,javascript
stateless4j,java
aws-sdk-js,javascript
api-platform.com,javascript
awaitility,java
storybook,javascript
mini2dx,java
archunit,java
telethon,python
ujmp,java
laravel-mix,javascript
dask-distributed,python
rbokeh,r
python-sacred,python
plotly-dash,python
altair,python
wolkenkit,javascript
chainer,python
rhamt,java
jamon,java
particle.js,javascript
catboost,python
numeraljs,javascript
hslogger,python
logbook,python
vader,python
python-newspaper,python
spring-config,java
web3,javascript
tablib,python
ffmpeg.js,javascript
java-pair-rdd,java
eme,javascript
phantomjs-node,javascript
pyamf,python
npyscreen,python
mapbox-android,java
roaster,java
jep-256,java
google-cloud-python,python
testcontainers,java
quartz.net-3.0,java
anime.js,javascript
mido,python
platypus-optimizer,python
stplanr,r
smartcardio,java
wxpython-phoenix,python
glink,java
cactoos,java
cv2,python
selenium-extent-report,java
extentreports,java
phyloseq,r
edward,python
oidc-client-js,javascript
contentful-vault,java
jsonb-api,java
unitizer,r
high-resolution-time,javascript
neutronium,javascript
xaringan,r
python-pattern,python
coremltools,python
kabeja,java
apify,javascript
key-formal-verification,java
toothpick-di,java
jlink,java
kinterbasdb,python
pygrametl,python
python-attrs,python
accelerated-mobile-page,javascript
rentrez,r
smile,java
oajax.js,javascript
abseil,python
slate.js,javascript
surveyjs,javascript
sqldelight,java
ibis,python
quantopian,python
pusher-js,javascript
smidge,javascript
bootstrap-native,javascript
camel-http,java
java.time.instant,java
ami.js,javascript
felix-dependency-manager,java
printjs,javascript
nestjs,javascript
facebook-java-api,java
sweetalert2,javascript
sheetjs,javascript
tinylog,java
mayavi.mlab,python
any23,java
swirl,r
openstacksdk,python
webchem,r
pipenv,python
cement,python
pytube,python
yellowbrick,python
tpot,python
influxdb-python,python
aws-cloud9,javascript
jool-library,java
analytics-engine-python-sdk,python
javonet,java
idbobjectstore,javascript
react-sketchapp,javascript
pygraph,python
rcrawler,r
python-manylinux,python
tquery,javascript
weppy,python
visnetwork,r
unpoly,javascript
python-dedupe,python
luxon,javascript
ggmosaic,r
instar,r
dynet,python
nomin,java
react-relay,javascript
jss,javascript
rfacebook,r
javascript.net,javascript
detectrtc,javascript
pyforms,python
signavio,javascript
jarduino,java
plotnine,python
apache-johnzon,java
rapidoid,java
rpivottable,r
gsubfn,r
umple,java
hypertools,python
pyro.ai,python
billboard.js,javascript
yattag,python
choroplethr,r
pysipp,python
node.js-napi,javascript
jpbc,java
requests-futures,python
webcam-capture,java
javac-compiler-plugin,java
python-keyring,python
pxssh,python
vaadin10,java
neuroph,java
discord.io,javascript
ggraph,r
getorgchart,javascript
hyperapp,javascript
skylark,python
overthere,java
completion-stage,java
facebook-prophet,r
enigma-catalyst,python
tabulator,javascript
netflix-hollow,java
pygmo,python
seq2seq,python
reticulate,r
circuit-sdk,javascript
tinyradius,java
metpy,python
python-pex,python
featuretools,python
popper.js,javascript
h2o4gpu,python
zuul-testing,javascript
chartjs-2.6.0,javascript
pylast,python
nilearn,python
jsapar,java
docplex,python
drake,python
tensorflow.js,javascript
jargo,java
moditect,java
brew-python,python
divio,python
d3-cloud,javascript
redux-saga-test-plan,javascript
apache-commons-imaging,java
mne-python,python
escp,python
quokka.js,javascript
lightweight-stream-api,java
uri.js,javascript
trustmanager,java
jose,javascript
crnk,java
discord.py-rewrite,python
python-antigravity,python
jooby,java
elm-port,javascript
xstate,javascript
esri-loader,javascript
picocli,java
apollo-client,javascript
geom-col,r
r-lemon,r
jnosql,java
elasticsearch-dsl-py,python
cookieconsent,javascript
baguettebox,javascript
cbmpy,python
quart,python
desctools,r
casl,javascript
scikit-multilearn,python
jpa-2.2,java
r-graphviz,r
r-future,r
bodybuilder.js,javascript
augmentor,python
pythonnet,python
bonobo-etl,python
pysys,python
tavern,python
bbc-tal,javascript
graphql-spqr,java
natural-language-processing,python
imutils,python
zipapp,python
drake-r-package,r
apollo-angular,javascript
fluture,javascript
rtools,r
nsepy,python
pyrfc,python
tidygraph,r
python-requests-html,python
quotemeta,javascript
vue-instant-search,javascript
ajaxtags,javascript
lit-html,javascript
autograd,python
java.time,java
bert-toolkit,r
date-fns,javascript
stryker,javascript
google-compile-testing,java
svg-salamander,java
gateone,javascript
masonite,python
greta,r
pcapy,python
azure-webapps,java
ttx-fonttools,python
jsonassert,java
j2html,java
starcraftgym,python
labelimg,python
geofirestore,javascript
react-native-svg,javascript
pynput,python
graphene-sqlalchemy,python
azure-web-app-service,java
auto-keras,python
xeponline,javascript
resolvejs,javascript
pf4j,java
barbajs,javascript
python-responses,python
apexcharts,javascript
waypoint,javascript
build-dependencies,java
glamor,javascript
starlark,python
zato,python
konvajs-reactjs,javascript
react-konva,javascript
python-camelot,python
ag-grid-e2e,javascript
d2xx,r
tomcat-juli,java
mindsphere,java
ag-grid-react,javascript
gradle-properties,java
google-datatable,javascript
partial-lenses,javascript
fast-ai,python
mdptoolbox,python
jamstack,javascript
kiwi-tcms,python
python-unittest.mock,python
r-telegram-bot,r
gpyopt,python
python-schematics,python
constraint-validation,javascript
pyrebase,python
discord-jda,java
python-fire,python
wfastcgi,python
smokejs,javascript
torchscript,python
hyperopt,python
pyi,python
aws-java-sdk-2.x,java
big.js,javascript
appjar,python
unfoldingmap,java
selenium-shutterbug,java
webpack-chain,javascript
javapoly,java
gtts,python
jasmine-ts,javascript
ray,python
sap-connector-java,java
javalin,java
pyro4,python
contiperf,java
w3.js,javascript
faust,python
python-hunter,python
powerbi-custom-visuals,javascript
beam-sql,java
simple-salesforce,python
imblearn,python
asgi,python
python-poetry,python
optuna,python
plotly-python,python
pyviz,python
terser,javascript
easy-batch,java
python-cmd,python
apache-dubbo,java
intersection-observer,javascript
json-schema-faker,javascript
cleverhans,python
aspose.html,java
substratevm,java
pyppeteer,python
atlassian-ui,javascript
dpath,python
starlette,python
amcharts4,javascript
pyfilesystem,python
fnmatch,python
python-architect,python
hyperstack,javascript
ema-workbench,python
kuyruk,python
sap-cloud-sdk,java
gekko,python
pydantic,python
bigdl,python
apache-sshd,java
vtk.js,javascript
pyosmium,python
octokit-js,javascript
htmltools,r
tikzjax,javascript
jsforce,javascript
scikit-plot,python
python-chess,python
facebook-infer,java
tensorflowsharp,python
fastapi,python
java-date,java
pymodbustcp,python
pycel,python
effector,javascript
vaex,python
simplenlg,java
grpc-python,python
funcy,python
shady,python
docxtemplater,javascript
r-infer,r
mockito-scala,java
tensorflowjs,javascript
videoflow,python
eel,python
abcjs,javascript
wikimedia-android-data-client,java
squel.js,javascript
medium.js,javascript
freetype-py,python
django-pagination,python
numpy-ndarray,python
cucumberish,java
cleave,javascript
mlr3,r
jwnl,java
teradata-sql-assistant,java
turbodbc,python
mempoi,java
openhtmltopdf,java
ariadne-graphql,python
keyboard-python,python
filepond,javascript
twitterapi-python,python
pymnet,python
java-failsafe,java
vuejs3,javascript
oshi,java
pgzero,python
bowtie,python
mill,java
java.library.path,java
artos,java
hvplot,python
imagehash,python
nsbasic,javascript
google-blockly,javascript
python-sql,python
pcap4j,java
armeria,java
bitstream,python
byteman,java
ezdxf,python
tkcalendar,python
jmeter-to-k6,javascript
awkward-array,python
neuraxle,python
tsibble,r
mutmut,python
kedro,python
pygsheets,python
highcharts-v6,javascript
simpleitk,python
scala,java
c#,java
c,java
regex,python
sql-server,r
oracle,java
mysql,python
ruby,python
php,r
javascript,javascript
lua,r
vb6,r
mono,java
.net,javascript
compiler-construction,java
jsf,java
postgresql,r
nhibernate,java
perl,r
haskell,r
clojure,java
jsp,java
ada,r
gwt,java
dom,javascript
comet,javascript
templates,java
f#,java
unit-testing,java
powershell,r
matlab,r
inno-setup,r
xslt,java
google-app-engine,java
selenium,java
jqgrid,javascript
google-maps,javascript
vba,javascript
security,java
jaxb,java
actionscript-3,javascript
antlr,java
groovy,java
d,python
jmeter,java
ejb-3.1,java
enterprise-library,r
jstl,java
core-graphics,java
facelets,java
url-rewriting,java
sitecore,javascript
windows-desktop-gadgets,javascript
maven-plugin,java
antlr3,r
quartz.net,java
websync,java
servlet-filters,java
canvas,javascript
resharper,javascript
html5,javascript
css,javascript
xpath,javascript
nlp,python
html,javascript
moose,javascript
powerpoint,java
lejos-nxj,java
prototype,javascript
numpy,python
mod-rewrite,r
yaml,python
system.reactive,java
h2,java
yui-compressor,javascript
fortran,r
stripes,java
db4o,java
jdo,java
ajax,javascript
wordpress,javascript
maven-1,java
itextsharp,java
symbian,java
igraph,r
xul,javascript
cherrypy,python
scheme,r
async-await,python
mainframe,java
c++-faq,java
database-design,java
facebook,javascript
websocket,javascript
jquery-validate,javascript
jetty,java
sproutcore,javascript
ctypes,python
signal-processing,python
jquery-mobile,javascript
opencv,java
compojure,java
mongodb,java
python-3.x,python
biztalk,r
twilio,java
particle-swarm,java
machine-learning,python
google-chrome,javascript
webdriver,java
quickbooks,python
simulink,r
coderush,javascript
redis,r
seaside,javascript
stanford-nlp,java
el,java
applet,java
jnlp,java
hunch,javascript
string,java
json,java
exception-handling,java
iis,r
generics,java
hadoop,java
google-apps,r
ruby-on-rails-3,javascript
mybatis,java
tomcat,java
fantom,java
cucumber,java
beautifulsoup,python
mercury,java
x86,r
var,javascript
eclim,java
gedit,java
java-web-start,java
liferay,java
api,java
sax,javascript
local-storage,javascript
cookies,javascript
jira,java
cocos2d-iphone,python
apache-wink,java
icefaces,java
blackberry,java
mahout,java
glassfish,java
activemq,java
sfml,java
express,javascript
ase,java
yui,javascript
abap,r
autoit,r
azure-storage,java
couchdb,javascript
flyway,java
jsoup,java
cascading,java
arrays,java
activemq-cpp,java
urllib2,python
mvvm,javascript
jersey,java
scalate,java
mdx,r
ognl,java
nms,java
debugging,javascript
coffeescript,javascript
imagemagick,java
gearman,java
buildbot,python
cruisecontrol,java
wwsapi,r
range,python
trac,python
sdl,java
zip,java
mailman,python
rubymine,javascript
gpars,java
aop,java
sql-server-2008,r
java-me,java
hdf5,python
datasource,java
amazon-web-services,java
firebug,javascript
html5-video,javascript
berkeley-db-xml,java
cairo,python
session,python
bash,r
spring.net,java
enthought,python
dynamics-crm-2011,javascript
telerik,javascript
thrift,java
log4j,java
documentation,java
padrino,javascript
greasemonkey,javascript
adb,r
corba,java
zend-studio,javascript
odbc,r
garbage-collection,java
gtk,python
webgl,javascript
pylons,python
jet,java
gxt,java
namespaces,java
doxygen,java
psycopg2,python
jar,java
merge,r
cron,java
sitemap,javascript
cruisecontrol.net,java
gsp,java
ssis,r
plupload,java
socket.io,javascript
hql,java
sml,java
titanium,java
language-agnostic,python
ioc-container,java
lwuit,java
gnuradio,python
onkeyup,javascript
wsgi,python
requirejs,javascript
ckeditor,javascript
rabbitmq,python
sas,python
timestamp,java
data-binding,java
lotusscript,java
htmlunit,java
bindingsource,java
finalbuilder,java
uitabbarcontroller,r
unsafe,java
uiwebview,javascript
pickle,python
gwt2,javascript
expression-encoder,r
pip,python
ldap,java
android-ndk,java
hibernate-tools,java
gdb,java
hashmap,java
dalvik,java
pylint,python
pow,java
reflection,java
lambda,python
esri,javascript
pyside,python
py2exe,python
gnuplot,python
turbogears,javascript
bean-validation,java
mirah,java
pywin32,python
cxf,java
engineyard,java
jquery-plugins,javascript
spss,python
wsh,python
querypath,javascript
statistics,r
soapui,java
cics,java
libgit2,python
protocol-buffers,java
tableau,javascript
ipython,python
bamboo,java
foreach,java
akka,java
countdownlatch,java
wijmo,javascript
intersystems-cache,java
hbm2java,java
internet-explorer-9,javascript
sage,python
quartz-composer,javascript
z-index,javascript
scripting,javascript
groovy++,java
zeromq,java
sap,r
strophe,javascript
uri,r
patricia-trie,r
classcastexception,java
filenotfoundexception,java
nosuchmethoderror,java
eclipse-wtp,java
java.util.logging,java
jdeveloper,java
mysql-workbench,python
jtextarea,java
jeditorpane,java
jdialog,java
jtabbedpane,java
scjp,java
rexx,java
jmock,java
runnable,java
datetime,java
vector,java
semaphore,java
bufferedreader,java
msgpack,java
messagepack,java
google-closure-compiler,javascript
jooq,java
jframe,java
websphere,r
dphibernate,java
mule,java
connection-pooling,java
hdfs,java
jscrollpane,java
safari-extension,javascript
jtable,java
closures,javascript
jlist,java
asp.net-mvc-3,javascript
crud,r
tablecellrenderer,java
wt,javascript
jsch,java
reporting-services,r
libvlc,python
google-maps-markers,javascript
jsni,javascript
dynamic,javascript
webrat,javascript
xajax,javascript
annotations,java
sharpssh,java
autocad,javascript
jsonp,javascript
activexobject,javascript
xap,javascript
nsstring,python
haxe,javascript
collections,java
app-inventor,java
yesod,javascript
avro,java
msxml,r
jtextfield,java
google-code,java
jfilechooser,java
pojo,java
joptionpane,java
xmlbeans,java
jcomponent,java
pega,java
google-visualization,javascript
gridbaglayout,java
eclipse-jdt,java
jinternalframe,java
jad,java
jpopupmenu,java
jlayeredpane,java
character-encoding,r
google-translate,javascript
timezone,java
spring-el,java
airplay,javascript
formencode,python
truezip,java
fitnesse,java
hippocms,java
web-scraping,python
internet-explorer-7,javascript
clover,java
warbler,java
gdata-api,java
cgal,java
loadrunner,java
maya,python
salesforce,java
weblogic,java
minecraft,java
myfaces,java
google-calendar-api,java
apache2,python
apex-code,java
ssh,java
fancybox,javascript
eclipse-emf,java
elasticsearch,java
py2app,python
asciidoc,python
owl,java
java.util.scanner,java
jboss-weld,java
exchangewebservices,java
memory-management,java
prettyfaces,java
spring-transactions,java
psgi,python
hsqldb,java
azure-vm-role,r
azure-web-roles,r
hamcrest,java
jsp-tags,java
classpath,java
button,java
timer,java
rets,java
screen-scraping,javascript
split,java
biginteger,java
pycharm,python
nhapi,java
acm,java
grails-plugin,javascript
viewstate,java
force.com,java
inotify,python
android-fragments,java
dictionary,python
web-worker,javascript
apache-chemistry,java
solrj,java
postgis,r
threadpool,java
stringtokenizer,java
sql-server-2008-r2,r
ilog,java
naming-conventions,java
smil,javascript
java-8,java
arraylist,java
jodconverter,java
jquery-selectors,javascript
velocity,java
bigdecimal,java
gzipstream,java
rubyzip,java
django-models,python
composite-component,java
scalatest,java
x509certificate,java
simplejson,python
jboss-arquillian,java
kmz,r
geoserver,java
java-micro-editon-sdk3.0,java
mocking,javascript
uservoice,java
compilation,java
set,python
jai,java
jbutton,java
sigar,java
saxon,java
egg,python
binding,java
pycuda,python
nokia-s40,java
ttk,python
lavalamp,javascript
google-plus,java
nio,java
itk,python
objective-j,javascript
gil,python
defaultdict,python
codesmith,java
plotmath,r
pymongo,python
tridion,java
swingworker,java
shelve,python
chirpy,javascript
setinterval,javascript
template-engine,java
argouml,java
jqplot,javascript
fileappender,java
rollingfileappender,java
jaxb2-basics,java
marklogic,java
hashtable,java
g-wan,java
monkeyrunner,python
memoryview,python
aspectj,java
shadowbox,javascript
abstract-interpretation,r
idl,java
iis-7.5,r
xtext,java
gettext,java
jprogressbar,java
fork-join,java
atmosphere,java
compass-lucene,java
netbeans6.5,java
netbeans6.8,java
netbeans6.7,java
netbeans-6.9,java
netbeans6.1,java
xfire,java
sparse-matrix,r
glm,r
cran,r
time-series,r
stata,r
userscripts,javascript
jotm,java
jca,java
websharper,javascript
orange,python
reference-class,r
boehm-gc,java
hadoop-streaming,java
google-closure-templates,javascript
jmonkeyengine,java
django-forms,python
find,python
jacoco,java
crontab,java
jedit,java
jaas,java
jzlib,java
mbeans,java
jsf-1.2,java
mechanicalturk,java
twitter-bootstrap,javascript
c++11,r
css3pie,javascript
annotation-processing,java
s4,r
genexus,java
pygobject,python
setup.py,python
jquery-autocomplete,javascript
wicketstuff,javascript
wso2,java
soundcloud,java
getelementbyid,javascript
mapserver,python
jsr172,java
after-effects,javascript
bufferedimage,java
zen,python
ejs,javascript
ios-ui-automation,javascript
java-ee-6,java
assetic,javascript
v8,javascript
caret,r
windows-runtime,javascript
base64,javascript
facebook-apps,python
serverside-javascript,javascript
signalr,javascript
freeimage,java
npoi,java
visifire,python
bots,python
graphite,python
apache-felix,r
pod,python
javabeans,java
windowlistener,java
kyotocabinet,java
tokyo-cabinet,java
django-piston,python
dashcode,javascript
pca,r
javap,java
scalala,r
iife,javascript
oniguruma,java
adobe-illustrator,javascript
apache-forrest,java
dart,r
simplecv,python
relocation,r
root-framework,python
aweber,python
ibm-rad,java
javolution,java
sikuli,java
finalizer,java
variadic-functions,javascript
powerpc,r
rust,r
spring-3,java
pyflakes,python
doctest,python
layout-manager,java
spotify,javascript
import,python
desire2learn,r
fopen,r
siteminder,r
lattice,r
coverity-prevent,java
awtrobot,java
robot,java
rdl,r
internet-explorer-10,javascript
spring-social,java
luaj,java
openoffice.org,python
jain-sip,java
redbean,r
titanium-mobile,javascript
codemirror,javascript
magento-1.5,java
heap,r
lightbox,javascript
tinyos,java
apache-commons-cli,java
pyro,r
google-fusion-tables,javascript
cleartool,r
jscript,javascript
oracle-nosql,java
commonjs,javascript
game-maker,java
kendo-ui,javascript
r-tree,r
cut,r
livegraph,java
frege,java
turtle-graphics,python
dynamic-language-runtime,python
draw2d,java
interceptor,java
multiprocessing,python
algorithmic-trading,python
swi-prolog,java
laravel,r
nunit-2.5,java
nunit-2.5.9,java
jdk1.6,java
jdk1.5,java
jdk1.4,java
jdk6,java
python-2.x,python
jquery-1.5,javascript
jquery-1.4,javascript
silverlight-2.0,javascript
introspection,java
urllib,python
libxml2,python
blackberry-jde,java
jradiobutton,java
powershell-3.0,r
funkload,python
pysandbox,python
linecache,python
pisa,python
xlwt,python
jint,javascript
ocsigen,javascript
xerces,java
jaxb2,java
jsplitpane,java
heap-memory,r
jsfiddle,javascript
jsse,java
count,java
blackberry-webworks,javascript
mechanize-python,python
spring-annotations,java
jrebel,java
att,r
ceylon,java
clearcase-ucm,r
django-debug-toolbar,python
selectonemenu,java
piccolo,java
github-api,java
graphiti,java
google-custom-search,javascript
argparse,python
plot,r
castor,java
guice-persist,java
amazon-mws,java
event-delegation,javascript
middleware,java
netbeans-7.1,java
newrelic,java
recess,r
spreadsheet,javascript
flexjson,javascript
powerset,python
bluedragon,java
xslt-3.0,java
python-3.3,python
cargo,java
chromeless,javascript
subprocess,python
opera-dragonfly,javascript
mupdf,javascript
mapr,r
spring-jms,java
ogre,r
pure-js,javascript
ace-editor,javascript
xpages,javascript
versant-vod,java
qt-quick,javascript
parsekit,java
runtime,java
indexeddb,javascript
keycode,javascript
sentry,python
iphone-standalone-web-app,javascript
jflex,java
sahi,javascript
aidl,java
hogan.js,javascript
xtragrid,r
dexterity,python
android-menu,java
datastage,java
xval,javascript
schema,java
gtk3,python
remedy,java
antlr2,r
settimeout,javascript
keylistener,java
pyzmq,python
wikitude,javascript
antisamy,javascript
treemap,java
jxtable,java
roxygen2,r
rserve,r
sqlj,java
metasploit,java
complex-numbers,r
basex,java
arbitrary-precision,java
jconsole,java
markaby,javascript
pie-chart,r
statet,r
rapache,r
codenameone,java
pygui,python
pep8,python
chartfx,java
tabcontrol,javascript
typesafe-stack,java
jsdoc,java
jacl,java
python-datetime,python
requestanimationframe,javascript
tridion2009,java
zendx,java
onmousemove,javascript
django-sitemaps,python
team-explorer-everywhere,java
x3d,javascript
wbxml,java
netstat,r
pyodbc,python
javax.mail,java
whatsapp,python
content-script,javascript
simile,javascript
alloy-ui,javascript
cubrid,java
yelp,python
ucma,r
julia,r
fread,r
shark,java
gjs,javascript
playbook,java
xterm,r
testswarm,javascript
knitr,r
amber-smalltalk,javascript
rxjs,javascript
html-parser,java
django-users,python
meteor,javascript
android-library,r
webstorm,javascript
cassette,javascript
expando,javascript
reshape,r
xpinc,java
antlr4,r
implicit,r
curljs,javascript
jvm-crash,java
logarithm,java
platypus,python
labeled-statements,javascript
generic-programming,java
session-storage,javascript
nio2,java
groovyshell,java
parse-platform,java
rstudio,r
nodatime,java
pexpect,python
topic-modeling,java
cucumber-jvm,java
sublimetext2,python
browserfield,java
jinfo,java
dotnet-httpclient,java
unpack,python
pack,python
arrow-keys,javascript
nameerror,python
r7rs,r
kanso,javascript
apache-kafka,python
stimulsoft,javascript
node-modules,r
netsuite,javascript
omnifaces,java
jquery-ui-map,javascript
gae-search,python
anchor,javascript
serversocket,java
android-annotations,java
calico,python
smart-mobile-studio,javascript
apache-commons-io,java
jsplumb,javascript
supervisord,python
event-dispatch-thread,java
jdb,java
jks,java
svenson,java
apache-commons-beanutils,java
stripe-payments,java
jpl,java
aapt,r
launch4j,java
postconstruct,java
tox,python
apache-tika,java
parse-url,python
blobstore,python
apache-commons-logging,java
maximo,java
filehandler,java
squirrel-sql,java
rythm,java
casperjs,javascript
next-generation-plugin,java
sqlcipher,java
packaging,python
sharpen-tool,java
opera-extension,javascript
servicenow,r
scenebuilder,java
processbuilder,java
sap-basis,r
datebox,java
py2neo,python
crossrider,javascript
internet-explorer-5,javascript
myro,python
wso2esb,java
java-melody,java
new-operator,java
cprofile,python
minify,javascript
windows-phone-8,javascript
cognos-tm1,java
simplehttpserver,python
django-ajax-selects,javascript
weakhashmap,java
comparable,java
smtplib,python
geometric-arc,java
z3c.form,python
escape-analysis,java
blackberry-10,java
volatile,java
runtime.exec,java
buster.js,javascript
cloud9-ide,python
attributeerror,python
eoferror,python
spring-jdbc,java
cryptojs,javascript
james,java
chameleon,python
tigase,java
funcunit,javascript
mgwt,javascript
hiveql,java
filereader,java
android-ksoap2,java
weld,java
opensocial,javascript
apache-commons-lang,java
p4eclipse,java
balanced-payments,python
hudson-api,python
moo,java
android-ndk-r5,r
android-ndk-r7,r
android-button,java
promise,javascript
rhapsody,java
cloudinary,java
pamie,python
panda3d,python
oracle-fusion-middleware,java
firefox-os,javascript
juice-ui,javascript
selenium-webdriver,javascript
readline,java
openlaszlo,javascript
regression,r
woocommerce,javascript
lessphp,javascript
limejs,javascript
self,python
counter,python
android-memory,java
abcl,java
pymol,python
hook.io,javascript
jsonlint,javascript
node-mongodb-native,javascript
xregexp,javascript
compiler-options,java
treeset,java
javax.sound.midi,java
htsql,javascript
titanium-modules,javascript
webassets,python
gatein,java
sublime-jslint,javascript
tweenlite,javascript
brightcove,javascript
here-api,javascript
zope.interface,python
sortedmap,java
namedtuple,python
libharu,r
appjs,javascript
thymeleaf,java
java-custom-serialization,java
clientbundle,java
max,python
appscale,python
sap-connector,r
phalcon,javascript
stan,r
dexmaker,java
mongodb-java,java
starcluster,python
cedar,python
tidesdk,javascript
indoor-positioning-system,javascript
android-support-library,r
grid-layout,java
pymysql,python
yeoman,r
sqlexception,java
ioexception,java
formatexception,java
channel,java
jarjar,java
boilerplatejs,javascript
flowlayoutpanel,java
pouchdb,javascript
aviarc,java
imapi,r
saprfc,r
wysihtml5,javascript
jquery-easyui,javascript
linq.js,javascript
bind,javascript
io-completion-ports,r
python-mock,python
krumo,r
jqvmap,javascript
azure-java-sdk,java
lme4,r
servlet-2.5,java
gideros,java
pyenchant,python
messageformat,java
python-daemon,python
nme,java
ladon,python
scriptignore,javascript
perfview,javascript
pykka,python
xmlnodelist,java
mgcv,r
e4,java
fileoutputstream,java
generic-collections,java
siebel,javascript
imageicon,java
orbacus,java
google-chrome-app,javascript
objectscript,java
icedtea,java
mouselistener,java
paintcomponent,java
unchecked,java
lambdaj,java
componentlistener,java
validity.js,javascript
encog,java
jsonx,r
log4cplus,java
bonsaijs,javascript
windows-server-2008-r2,r
orbit,javascript
arcobjects,java
jstyleparser,java
println,java
tiles-3,java
jviewport,java
describe,r
telnetlib,python
ftplib,python
gobject-introspection,javascript
iggrid,javascript
fox-toolkit,python
unityscript,javascript
cumsum,r
rmic,java
spring-data-mongodb,java
google-api-js-client,javascript
google-api-php-client,python
rjdbc,r
celementtree,python
nashorn,javascript
equals,java
struts-validation,javascript
toarray,java
marie,java
oracleclient,python
apollo,javascript
anova,r
jcr-sql2,java
box2dweb,javascript
esapi,java
flashcanvas,javascript
candy,javascript
cartopy,python
selectsinglenode,java
jsctags,javascript
p4python,python
taglist,java
artoolkit,java
omniorb,python
xsom,java
blpapi,java
django-autocomplete-light,javascript
mercury-editor,javascript
convoy,javascript
impromptu,javascript
adobe-brackets,javascript
backbone.paginator,javascript
try-with-resources,java
jtemplates,javascript
robospice,java
rome,java
zest,java
asp.net-webpages,javascript
protege,java
docopt,python
nidaqmx,python
sqlobject,python
windows-nt,r
dunit,java
jquery-file-upload,python
affinetransform,r
fortran-iso-c-binding,r
browserify,javascript
facebook-java-sdk,java
libspotify,r
jrun,java
jmap,java
leap-motion,python
android-activityrecord,java
ends-with,java
httplib,python
shedskin,python
jspell,java
tablemodel,java
jscrollbar,java
jamvm,java
puredata,python
blockingqueue,java
sublimerepl,python
bigcommerce,python
rattle,r
textchanged,java
htmlcleaner,java
kendo-grid,javascript
git-review,python
winstone,java
crossroadsjs,javascript
razorsql,java
jasmine-maven-plugin,javascript
corona-storyboard,r
rails-activerecord,r
sphlib,java
philips-hue,java
spring-security-kerberos,java
pox,python
chromium-embedded,javascript
wsapi,python
marker,javascript
phonegap-build,javascript
isinstance,python
swank-js,javascript
rake-pipeline,javascript
dbfit,java
vuforia,java
tarfile,python
sqlfiddle,r
glmnet,r
highslide,javascript
spring-remoting,java
ordereddictionary,python
responsive-slides,javascript
fanstatic,javascript
android-cts,java
min,python
treecellrenderer,java
reentrantreadwritelock,java
readwritelock,java
alice,java
object-create,javascript
google-spreadsheet-api,java
gzipoutputstream,java
gzipinputstream,java
yuglify,javascript
smartystreets,javascript
xmpp4r,r
random-forest,r
netbeans-7.3,javascript
procedural,python
procedural-programming,python
epiceditor,javascript
yacas,java
apscheduler,python
gwt-preprocessor,java
silvertunnel,java
form-data,javascript
clif,java
pagerjs,javascript
source-maps,javascript
xadisk,java
speedtracer,javascript
pyode,python
jhbuild,python
dacpac,r
jetstrap,javascript
pushmobi,r
cfdocument,java
libtcod,python
resty-gwt,java
josql,java
slidedown,javascript
c5,java
monkeytalk,javascript
spring-validator,java
xlconnect,r
rhq,java
codewarrior,java
cfml,java
reveal.js,javascript
discourse,javascript
hp-uft,java
auto-indent,python
dita-ot,java
shodan,python
correlation,r
kendo-mobile,javascript
angular-ui-bootstrap,javascript
dcm4che,java
cryptographic-hash-function,python
solr4j,java
readlines,python
sharepoint-clientobject,javascript
dart-html,javascript
gaul,python
collectd,python
orika,java
jarbundler,java
quantmod,r
django-lean,javascript
django-pipeline,javascript
appengine-maven-plugin,java
crosstool-ng,java
scrollspy,javascript
angularjs-orderby,javascript
enaml,python
yuidoc,javascript
pebble-watch,javascript
itemlistener,java
control-m,java
zend-dom-query,javascript
glazedlists,java
border-layout,java
sas-iml,r
quotes,javascript
jdee,java
openwsman,java
zenoss,python
cgridview,javascript
jquery-ui-plugins,javascript
appium,java
pitest,java
pmml,r
facebook-oauth,javascript
docker,python
jgraph,java
noweb,python
backticks,python
debug-print,javascript
treetable,javascript
csom,javascript
system-properties,java
trellis,r
xmlencoder,java
tix,python
subplot,r
background-thread,java
bintray,java
staruml,java
jaxb2-maven-plugin,java
squish,java
lightstreamer,java
spongycastle,java
nosuchelementexception,java
applaud,javascript
web-component,javascript
wli,java
ipopt,r
circusd,python
os-agnostic,javascript
hana,python
angularjs-routing,r
python-dateutil,python
programmers-notepad,python
python-multithreading,python
pybel,python
xrange,python
xt,java
jabaco,java
os.walk,python
fortress,java
arduino-ide,java
ggdendro,r
bnfc,java
veracity,javascript
angularjs-filter,javascript
twill,python
javafx-8,java
angularjs-bootstrap,javascript
jersey-1.0,java
hyperdex,java
openbabel,python
sqljdbc,java
howler.js,javascript
google-cloud-datastore,python
apportable,java
gmongo,java
podio,java
ecmascript-6,javascript
emokit,python
mixed-models,r
comparator,java
mraid,javascript
flann,python
marmalade-edk,java
invokelater,java
invokeandwait,java
internet-explorer-11,javascript
androidhttpclient,java
google-code-prettify,javascript
tinymce-4,javascript
fixheadertable,javascript
twitter-bootstrap-tooltip,javascript
stepic,python
kony,javascript
libclang,python
kendo-treeview,javascript
throwable,java
openair,r
separator,java
jersey-2.0,java
jbcrypt,java
java-ee-7,java
liferay-aui,javascript
turbulenz,javascript
projekktor,javascript
google-static-maps,javascript
java-package,java
checked-exceptions,java
unchecked-exception,java
mappedsuperclass,java
nose2,python
servlet-3.1,java
eclipse-orion,javascript
numba,python
jung2,java
cvxopt,python
jemos-podam,java
rowsorter,java
dart2js,javascript
httpsession,java
hibernate-session,java
lpsolve,java
kendo-menu,javascript
magnific-popup,javascript
shieldui,javascript
ion-koush,java
dnsjava,java
enchant,python
gitzilla,python
little-proxy,java
windmill,javascript
dart-js-interop,javascript
r-osgi,r
ajax.beginform,javascript
java.util.date,java
protege4,java
eric-ide,python
getusermedia,javascript
spring-test,java
malformedurlexception,java
dojo-build,javascript
blueprint-osgi,r
java.util.calendar,java
jsonobject,javascript
worklight-runtime,javascript
python-3.4,python
twitter-bootstrap-3,javascript
firewatir,javascript
uglifycss,javascript
emftext,java
printwriter,java
bugtracker.net,javascript
droidquery,javascript
filewriter,java
plone-3.x,python
fs,javascript
syslog4j,java
deltaspike,java
dajax,javascript
dynamic-content,javascript
ggbiplot,r
fipy,python
pyrserve,python
cytoscape,javascript
bookshelf.js,javascript
keymasterjs,javascript
epf,javascript
redland,python
asynchronous-messaging-protocol,python
asyncore,python
retrofit,java
actionevent,java
astropy,python
secondaryloop,java
aubio,python
wave,python
nunit-2.6,java
getelementsbyname,javascript
ido,r
objectdb,java
jemmyfx,java
dimple.js,javascript
upsource,java
powershell-4.0,r
smartfoxserver,java
proxool,java
datetime-format,java
html5-kickstart,javascript
youtube-data-api,javascript
html5-notifications,javascript
fragmenttransaction,r
sapui5,javascript
logistic-regression,r
gwt-syncproxy,java
urlfetch,python
skrollr,javascript
spark-java,java
thrift-protocol,java
synctool,python
cordova-3,javascript
imageobserver,java
atomic-long,java
konakart,java
okhttp,java
keyrelease,java
serviceloader,java
colorbar,python
vimeo-api,python
imshow,python
qpython,python
themoviedb-api,java
luaplus,python
sdcc,r
flask-httpauth,python
repr,python
phaser,java
ng-animate,javascript
jpda,java
azul-zulu,java
azure-zulu,java
try-except,python
hyphen,javascript
j2ssh,java
boundbox,java
schemacrawler,java
finalize,java
cordova-2.7.0,javascript
praw,r
quantitative-finance,r
wxformbuilder,python
ons-api,javascript
xpdo,python
beta-distribution,r
widevine,javascript
intel-xdk,javascript
knockout-3.0,r
jdbc-postgres,java
engine.io,java
neatupload,javascript
devpi,python
plotly,python
twitter-bootstrap-2,javascript
perfect-developer,java
sonarqube,java
cstringio,python
ignore-case,java
nosuchfileexception,java
kendo-dataviz,javascript
numexpr,python
pypyodbc,python
dynamicpdf,java
zendesk,java
esri-arc-engine,java
wsdl4j,java
chocolatechip-ui,javascript
ruby-rice,python
underscore.php,javascript
worklight-analytics,javascript
java-ee-web-profile,java
grepl,r
harp,javascript
aura-framework,javascript
spring-io,java
json-patch,javascript
optimizely,javascript
couchbase-lite,java
steambot,r
django-hstore,python
libpq,python
system.in,java
system.out,java
jmh,java
environment-modules,python
apache-spark,java
kiicloud,javascript
script-fu,r
fakesmile,javascript
uncertainty,python
mapguide,java
sql-workbench-j,java
futuretask,java
cocos2d-html5,javascript
cocos2d-x-3.0,javascript
python-internals,python
accordionpane,java
heapbox,javascript
jcc,java
leadtools-sdk,javascript
acitree,javascript
zoomify,javascript
acm-java-libraries,java
angularjs-ng-form,javascript
ui-thread,java
jqwidget,javascript
jsonreststore,javascript
java-websocket,java
apache-crunch,java
reposurgeon,python
spotify-app,javascript
vwdexpress,javascript
android-testing,python
nuitka,python
google-diff-match-patch,java
gulp,javascript
itunes-search-api,javascript
angularjs-animation,javascript
django-1.7,python
android-json-rpc,python
d2rq,r
spotfire,javascript
dplyr,r
psse,python
glowscript,javascript
spring-java-config,java
nativequery,java
goodness-of-fit,r
scrimage,java
haxeflixel,javascript
volojs,javascript
python-asyncio,python
iplots,r
concurrenthashmap,java
deep-learning,python
gupnp,python
linemanjs,javascript
spliterator,java
bolts-framework,javascript
clistview,javascript
bootstrap-select,javascript
kernow,java
jax-rpc,java
jquery-terminal,javascript
goangular,javascript
summernote,javascript
keen-io,python
dynamic-proxy,java
bitcoinj,java
pdcurses,r
mstsc,r
adm-zip,javascript
kendo-asp.net-mvc,javascript
lingpipe,java
license4j,java
rsqlserver,r
elastic4s,java
jxcore,javascript
rhoconnect,javascript
flipclock,javascript
slideup,javascript
aar,java
requirejs-optimizer,r
ffbase,r
parenscript,javascript
patternsyntaxexception,java
showdown,javascript
date-parsing,javascript
erubis,java
spring-websocket,java
py++,python
esprima.js,javascript
app42,java
nodebox,python
jsonlite,r
f#-fake,r
storm-gen,java
angular-google-maps,javascript
why3,java
crosswalk-runtime,javascript
quantlib,java
highland.js,javascript
famo.us,javascript
narwhal,javascript
jparsec,java
minimal-json,java
geom-bar,r
nuke,python
rsyntaxtextarea,java
cookiejar,python
angular-bootstrap,javascript
staff-wsf,javascript
zul,java
xms,java
sjsxp,java
webcam.js,javascript
qa-c,java
ibm-was,java
mapfish,python
hdf,java
project-wonder,java
scales-xml,java
google-ima,javascript
salesforce-ios-sdk,javascript
gist-index,r
onedrive,javascript
openstack-heat,python
jpdl,java
do.call,r
pyqtgraph,python
dayofweek,java
temporal-difference,r
winscp-net,python
music21,python
structr,java
femtolisp,python
mocha-cakes,javascript
lager,r
qualtrics,javascript
dom-events,javascript
spring-social-facebook,java
party,r
atlassian-connect,javascript
extension-builder3,javascript
cargo-maven2-plugin,java
python-parsley,python
maptiler,javascript
kendo-datasource,javascript
magicmock,python
easyrtc,javascript
sarsa,r
sonatype,java
file-exists,java
numba-pro,python
pynsist,python
meanjs,javascript
kendo-chart,javascript
observable,java
quill,javascript
cocos2d-js,javascript
spring-tld,java
toolrunner,r
robobrowser,python
localforage,javascript
titanium-android,javascript
rt.jar,java
tooleap,java
sinch,javascript
android-appcompat,r
gmisc,r
shutil,python
args4j,java
haste,javascript
spring-orm,java
cup,java
except,python
ask-fast,java
data.table,r
akka-stream,java
sbt-web,javascript
odoo,python
functional-interface,java
licode,javascript
threadpoolexecutor,java
gmail-api,java
pg8000,python
stratifiedjs,javascript
usergrid,javascript
code-climate,javascript
greenmail,java
facebook-permissions,javascript
persistentmanager,java
autocloseable,java
confirm,javascript
capstone,python
mstor,java
pym.js,javascript
akka.net,java
riot.js,javascript
greenrobot-eventbus,java
tingodb,javascript
concurrent.futures,python
redactor.js,javascript
chrome-dev-editor,javascript
drone.io,java
dynamicpdf-table2,java
menpo,python
antbuilder,java
android-cling,java
tizen-web-simulator,javascript
jms-session,java
codernity,python
type-annotation,java
collectors,java
anychart,javascript
jquery-callback,javascript
wiremock,java
testem,javascript
host-object,javascript
commandlink,javascript
fit-framework,java
deployment-descriptor,java
dltk,javascript
serialversionuid,java
hugo,python
phono,javascript
nodobjc,javascript
berkelium,java
microservices,python
tomcat-jdbc,java
bootsfaces,java
shopizer,java
phantom-reference,java
jrails,javascript
jimfs,java
clion,python
jcabi,java
threetenbp,java
refit,java
jxloginpane,java
styleddocument,java
pystache,python
geom-text,r
gvnix-es,java
gvnix,java
biom,python
ebay-api,java
pdf2htmlex,javascript
swift-dictionary,python
json-web-token,javascript
typed-arrays,javascript
weakmap,javascript
winjs-promise,javascript
event-loop,javascript
contextio,python
google-client,java
timedelta,python
r-extension,r
vaadin-push,java
split-apply-combine,r
duktape,javascript
android-screen-pinning,java
rro,r
c3.js,javascript
elasticsearch-curator,python
aws-sdk,java
cookielib,python
framemaker,python
keycloak,java
umlgraph,java
webscarab,java
codenvy,javascript
httpclientandroidlib,java
ncache,java
migration-manager,java
twisted.internet,python
cider,r
google-cloud-dataflow,java
pdfmake,javascript
jnp,java
pygn,python
angular-routing,javascript
boto3,python
heroku-postgres,java
libaria,java
generic-jms-ra,java
textblob,python
.net-4.6,javascript
cjuitabs,javascript
screeps,javascript
db2-connect,python
javascript-automation,javascript
dart-web-toolkit,java
pivottable.js,javascript
pydatalog,python
jsxgraph,javascript
nim-lang,python
pyspider,python
mox,java
custom-adapter,java
io.js,javascript
transitive-dependency,java
rx-py,python
try-finally,java
moa,java
jol,java
medium-editor,javascript
adfs3.0,r
underscore.string.js,javascript
brain.js,javascript
d3py,javascript
javafx-3d,java
sip-servlet,java
eclipse-emf-ecore,java
immutable.js,javascript
google-project-tango,java
lxml.html,python
namespace-package,python
scalalab,java
gwt-2.7,java
textctrl,python
listctrl,python
cfstatic,javascript
radupload,javascript
r-grid,r
codenarc,java
intel-edison,python
pdfjs,javascript
exxeleron-q,java
parboiled2,java
reactjs-native,javascript
acralyzer,javascript
birt-deapi,java
java-9,java
getuikit,javascript
unsupported-class-version,java
kallithea,python
brooklyn,java
auth0,javascript
jnlua,java
google-cloud-trace,python
twitter-bootstrap-4,javascript
gmaps.js,javascript
document-ready,javascript
google.load,javascript
cursive,java
uglifier,javascript
taverna,java
exceptionmapper,java
pulsar,java
wow.js,javascript
argon,javascript
materialize,javascript
ckeditor4.x,javascript
javafx-datepicker,java
completable-future,java
sightcall,javascript
weblate,python
sessionstorage,javascript
failovercluster,r
testfx,java
virsh,r
pyobject,python
docto,r
apache-storm,python
filechannel,java
buildingblocks,java
pytagcloud,python
bazel,java
modulino,python
react-native,javascript
python-os,python
jsform,javascript
reactphp,python
pprint,python
icu4j,java
java-10,java
mason-abm,java
webdriverjs,javascript
tinkerpop-blueprint,java
fill-parent,r
maya-api,python
spoiwo,java
neo4j-embedded,java
cts-search,java
zombiejs,javascript
pyz,python
appcompatactivity,r
location-href,javascript
visual-studio-code,javascript
spacy,python
jsf-2.3,java
google-cloud-bigtable,java
cumulocity,java
tetgen,python
graphaware,java
http.rb,python
diagrammer,r
woe-id,java
cucumber-java,java
urlparse,python
node-walk,python
render-to-response,python
cocoascript,javascript
jira-rest-java-api,java
documentfilter,java
hsqml,javascript
helium,python
sparkr,r
es6-promise,javascript
spark-cassandra-connector,java
external-sorting,java
hashids,javascript
wordpress-rest-api,javascript
secure-random,java
amzi-prolog,java
adehabitathr,r
networkd3,r
ajaxpro,javascript
hg-merge,r
basehttpserver,python
angularjs-sce,javascript
lasagne,python
apache-commons-csv,java
gocardless,python
google-classroom,java
alfresco-webscripts,java
struts2-jsr303-plugin,java
kafka-python,python
material-design-lite,javascript
gnuradio-companion,python
redux,javascript
qt5.5,javascript
inputmismatchexception,java
cakephp-2.7,javascript
pymongo-2.x,python
pymongo-3.x,python
python-webbrowser,python
prerequesthandler,javascript
decimalformat,java
jsonpointer,javascript
angularjs-ng-if,javascript
wso2mb,java
webassembly,javascript
wso2bps,java
minimatch,javascript
swt-awt,java
simple-spring-memcached,java
orientjs,javascript
ng-storage,javascript
pycaffe,python
commercetools,java
groovyclassloader,java
offline.js,javascript
ibm-bpm,java
fluentbootstrap,javascript
iojs,javascript
php-phantomjs,javascript
guice-servlet,java
streamparse,python
marklogic-8,java
unity3d-5,javascript
rep,r
kendo-tooltip,javascript
kendo-datetimepicker,javascript
reasoning,java
jose4j,javascript
java-ee-mvc,java
kendo-listview,javascript
paypal-rest-sdk,python
fetch-api,javascript
spring-dsl,java
cuite,javascript
solace,java
classmexer,java
ng-map,javascript
atatus,javascript
reproducible-research,r
cowplot,r
openalpr,java
office-js,javascript
micropython,python
kendo-treelist,javascript
gae-python27,python
kimono,python
stamplay,javascript
quandl,python
core-api,java
apache-zookeeper,java
mcs,javascript
pythonista,python
mapbender3,javascript
libxlsxwriter,python
elastalert,python
webrx,javascript
flutter,java
stream-django,python
anko,java
edoc,java
splitstackshape,r
tensorflow,python
grapevine,javascript
java-deployment-toolkit,java
backand,javascript
sp-send-dbmail,r
bootstrapvalidator,javascript
shippo,python
angularfaces,javascript
progressive-web-apps,javascript
hivecontext,python
enumerate,python
elasticsearch.js,java
gluon,java
jsr107,java
xml2,r
globalization-pipeline,java
parse4cn1,java
timeofday,javascript
jwk,javascript
javaagents,java
google-cloud-sdk,python
retrofit2,java
google-truth,java
webob,python
enzyme,javascript
built.io-backend,javascript
oboe.js,javascript
mobilefirst-console,r
django-push-notifications,python
rxjs5,javascript
drombler-fx,java
image-scanner,python
pretender.js,javascript
asp.net-core,r
libmosquitto,python
apicluster,javascript
amazonica,java
inversifyjs,javascript
liferay-7,java
flash-selenium,javascript
handlebars.net,javascript
ubikloadpack,java
morphline,java
package-design,java
freedomjs,javascript
blazegraph,java
sendbird,javascript
google-app-engine-launch,python
domready,javascript
korpus,r
pyresttest,python
jxbrowser,java
inputverifier,java
readxl,r
jdesktoppane,java
google-gadget,javascript
shinytree,javascript
brightway,python
object-reference,java
static-constructor,java
selenium2library,python
pebble,java
jquantlib,java
convenience-methods,java
react-redux,javascript
skypedeveloper,javascript
db.js,javascript
bagplot,r
junit5,java
botframework,javascript
kendo-multiselect,javascript
kendo-maskedtextbox,javascript
linkageerror,java
kivy-language,python
skyepub,javascript
impyla,python
pybuffer,python
audioinputstream,java
djigger,java
axios,javascript
expectit,java
lob,python
jenkins-2,java
autodesk-viewer,javascript
expressiveannotations,javascript
hoedown,python
yara,python
jupyter-console,python
inspector,javascript
ready-api,javascript
pagekit,javascript
bioservices,python
classformaterror,java
type-equivalence,java
google-chrome-console,javascript
dism,r
django-viewflow,python
windows-iot-core-10,python
nosuchproviderexception,java
pug,javascript
sortedcontainers,python
httpfs,java
xonsh,python
ol3-google-maps,r
fastjson,java
gwt-2.8,java
voce,java
c++17,r
volttron,java
leaflet-label,javascript
bytesio,python
elastix-itk,python
sparkapi,r
sparklyr,r
stackframe,python
erlang-nif,r
sparkling-water,python
ng-bootstrap,javascript
sumo,python
prevayler,java
flexy-pool,java
cloudcannon,javascript
pyzo,python
dart-dev-compiler,javascript
jus,r
json4j,java
systemml,r
word-addins,javascript
gwtupload,java
libigl,python
rd,r
qvtkwidget,java
ordercloud,python
socket-timeout-exception,java
trackpy,python
vs-everywhere,java
google-maps-direction-api,javascript
copytree,python
pyspark-sql,python
drakon-editor,java
subparsers,python
subant,java
iranges,r
twig-filter,javascript
string.js,javascript
ng-filter,javascript
appengine-gradle-plugin,java
unicode-literals,python
ffdec,java
flask-babel,python
unificationengine,r
wijmo5,javascript
qaf,java
static-factory,java
hugsql,java
este.js,javascript
applepayjs,javascript
yarnpkg,javascript
sheetrock,javascript
polymer-2.x,javascript
sdmx,r
eclipse-collections,java
twinfield,python
tidyverse,r
txtuml,java
microsoft-teams,javascript
mentionsinput.js,javascript
proc-r-package,r
python-pbr,python
quaggajs,javascript
emerald-framework,java
phpstorm-10,javascript
phpstorm-2016.1,javascript
bufferstrategy,java
interstage,java
pssh,python
mobile-center,java
react-native-ios,javascript
duedil-api,python
dynamic-class-creation,java
rweka,r
restframeworkmongoengine,python
typedarray,javascript
wavesurfer.js,javascript
sfdc,java
azure-pipelines,python
inrule,javascript
shlex,python
index-error,python
prebid.js,javascript
bulma,javascript
next.js,javascript
pafy,python
godot,python
pytorch,python
graphql-java,java
pattern-layout,java
javax.json,java
datumbox,java
bottlenose,python
safe-exam-browser,r
weex,javascript
sanic,python
google-cloud-spanner,python
deoptimization,java
aws-sdk-nodejs,javascript
react-native-android,javascript
exponentjs,javascript
react-navigation,javascript
simplemde,javascript
finalbuilder7,java
pypeg,python
swrlapi,java
office-ui-fabric,javascript
fixup,r
web-mediarecorder,javascript
nmf,python
seneca,javascript
babel-babylon,javascript
moxios,javascript
apollo-android,java
google-assistant-sdk,python
blessed,javascript
allen-sdk,python
tatsu,python
collator,java
synaptic.js,javascript
ibm-appid,python
ml-gradle,java
time4j,java
molecule,python
rlang,r
reactql,javascript
virtualfish,python
twig.js,javascript
onem2m,r
symengine,python
exoplayer2.x,r
r-highcharter,r
datastax-python-driver,python
php-webdriver,java
plotly-dash,javascript
angular4-forms,javascript
nlp-compromise,javascript
charsequence,java
typehead,javascript
xtermjs,javascript
jython-music,python
rtweet,r
dat-project,javascript
lbr-iiwa-rapi,java
smoothie.js,javascript
spring-vault,java
dgraph,java
workbox,javascript
karate,java
katalon-studio,java
aspen,r
rnoaa,r
kendo-confirm,javascript
stringio,python
common-data-format,java
apache-velocity,java
sygic-maps,javascript
or-tools,python
facet-grid,r
puppeteer,javascript
aws-glue,python
rx-kotlin2,java
socketchannel,java
arcore,java
yup,javascript
imebra,java
jackson2,java
jdeprscan,java
mouse-coordinates,javascript
pitchfork,java
module-info,java
dotnetbrowser,javascript
google-cloud-endpoints-v2,java
java-module,java
jrecord,java
gcp,r
websphere-6,java
enomem,java
detox,javascript
rstanarm,r
express-validator,javascript
mongodb-java-3.3.0,java
maven-jdeps-plugin,java
libspatialindex,r
azure-blob-storage,java
multi-release-jar,java
oracle-client,python
vavr,java
cypress,javascript
discord.js,javascript
google-colaboratory,python
fritzbox,java
java-libpst,java
react-props,javascript
trix,javascript
trygetvalue,python
s4sdk,java
xtensor,python
pushy,java
visual-studio-app-center,java
reactstrap,javascript
livy,java
python-control,python
zxing.net,java
ibm-cloud,java
java-ee-8,java
mappedbytebuffer,java
strophe.js,javascript
safari-app-extension,javascript
bobo-browse.net,java
oracle-cloud-infrastructure,java
escapestring,javascript
vigra,python
django-oauth,python
kotlinc,java
wixcode,javascript
izip,python
flask-ask,python
teststack,java
angular-forms,javascript
staleelementreferenceexception,java
chaquopy,python
invalidselectorexception,java
prisma,javascript
webdriverwait,java
