"scala","java"
"c#","java"
"c","java"
"python","python"
"regex","python"
"java","java"
"sql-server","r"
"oracle","java"
"mysql","python"
"ruby","python"
"php","r"
"javascript","javascript"
"jquery","javascript"
"lua","r"
"vb6","r"
"mono","java"
"sql","r"
"playframework","java"
".net","javascript"
"eclipse","java"
"compiler-construction","java"
"ant","java"
"lucene","java"
"servlets","java"
"jsf","java"
"dojo","javascript"
"hibernate","java"
"maven","java"
"postgresql","r"
"django","python"
"nhibernate","java"
"mootools","javascript"
"perl","r"
"haskell","r"
"clojure","java"
"jsp","java"
"ada","r"
"gwt","java"
"dom","javascript"
"comet","javascript"
"r","r"
"seam","java"
"templates","java"
"f#","java"
"unit-testing","java"
"solr","java"
"spring","java"
"powershell","r"
"matlab","r"
"inno-setup","r"
"xslt","java"
"google-app-engine","java"
"selenium","java"
"jqgrid","javascript"
"google-maps","javascript"
"java-ee","java"
"vba","javascript"
"security","java"
"jaxb","java"
"actionscript-3","javascript"
"antlr","java"
"groovy","java"
"openerp","python"
"d","python"
"jmeter","java"
"swing","java"
"parser-generator","r"
"swt","java"
"struts","java"
"enterprise-library","r"
"tapestry","java"
"jstl","java"
"struts2","java"
"core-graphics","java"
"facelets","java"
"url-rewriting","java"
"sitecore","javascript"
"scons","python"
"pyparsing","python"
"windows-desktop-gadgets","javascript"
"maven-plugin","java"
"antlr3","r"
"quartz.net","java"
"gson","java"
"websync","java"
"flask","python"
"servlet-filters","java"
"canvas","javascript"
"resharper","javascript"
"guice","java"
"guava","java"
"html5","javascript"
"freemarker","java"
"assembly","java"
"css","javascript"
"xpath","javascript"
"nlp","python"
"html","javascript"
"moose","javascript"
"mixed-code","java"
"powerpoint","java"
"wicket","java"
"lejos-nxj","java"
"prototype","javascript"
"grails","java"
"numpy","python"
"mod-rewrite","r"
"yaml","python"
"jasper-reports","java"
"system.reactive","java"
"h2","java"
"yui-compressor","javascript"
"fortran","r"
"matplotlib","python"
"stripes","java"
"db4o","java"
"tinymce","javascript"
"eclipselink","java"
"junit","java"
"datanucleus","java"
"ajax","javascript"
"wordpress","javascript"
"maven-1","java"
"itextsharp","java"
"symbian","java"
"igraph","r"
"xul","javascript"
"cherrypy","python"
"qooxdoo","javascript"
"scheme","r"
"async-await","python"
"mainframe","java"
"c++-faq","java"
"database-design","java"
"facebook","javascript"
"websocket","javascript"
"ggplot2","r"
"proj4js","javascript"
"node.js","javascript"
"jquery-validate","javascript"
"extjs","javascript"
"krl","javascript"
"jetty","java"
"xts","r"
"zoo","r"
"jodatime","java"
"sproutcore","javascript"
"ctypes","python"
"processing","java"
"signal-processing","python"
"jquery-mobile","javascript"
"opencv","java"
"compojure","java"
"mongodb","java"
"itext","java"
"python-3.x","python"
"jqtouch","javascript"
"biztalk","r"
"twilio","java"
"particle-swarm","java"
"machine-learning","python"
"google-chrome","javascript"
"twisted","python"
"webdriver","java"
"quickbooks","python"
"simulink","r"
"coderush","javascript"
"spring-mvc","java"
"redis","r"
"seaside","javascript"
"stanford-nlp","java"
"el","java"
"applet","java"
"scribe","java"
"jnlp","java"
"hunch","javascript"
"log4javascript","javascript"
"string","java"
"cors","javascript"
"json","java"
"exception-handling","java"
"teamcity","java"
"iis","r"
"internet-explorer","javascript"
"typo3","r"
"generics","java"
"hadoop","java"
"refinerycms","javascript"
"data-structures","r"
"google-apps","r"
"ruby-on-rails-3","javascript"
"mybatis","java"
"roxygen","r"
"tomcat","java"
"fantom","java"
"cucumber","java"
"beautifulsoup","python"
"mercury","java"
"x86","r"
"var","javascript"
"design-patterns","java"
"eclim","java"
"gedit","java"
"jmf","java"
"java-web-start","java"
"liferay","java"
"bluej","java"
"api","java"
"sax","javascript"
"jinja2","python"
"local-storage","javascript"
"cookies","javascript"
"jira","java"
"gerrit","python"
"cocos2d-iphone","python"
"apache-wink","java"
"jax-rs","java"
"multithreading","java"
"toplink","java"
"icefaces","java"
"blackberry","java"
"mahout","java"
"glassfish","java"
"activemq","java"
"genshi","python"
"eclipse-rcp","java"
"jenkins","java"
"sfml","java"
"express","javascript"
"yui","javascript"
"netbeans","java"
"abap","r"
"autoit","r"
"ext.net","javascript"
"azure-storage","java"
"couchdb","javascript"
"flyway","java"
"jsoup","java"
"cascading","java"
"heroku","python"
"arrays","java"
"oracle-coherence","java"
"activemq-cpp","java"
"urllib2","python"
"svnkit","java"
"mvvm","javascript"
"jersey","java"
"spring-roo","java"
"scalate","java"
"hbase","java"
"mdx","r"
"ognl","java"
"webwork","java"
"nms","java"
"jquery-ui","javascript"
"sammy.js","javascript"
"debugging","javascript"
"backbone.js","javascript"
"scraperwiki","python"
"google-maps-api-3","javascript"
"jmx","java"
"coffeescript","javascript"
"pygtk","python"
"imagemagick","java"
"scrapy","python"
"gearman","java"
"buildbot","python"
"cruisecontrol","java"
"npm","javascript"
"wwsapi","r"
"date","javascript"
"osgi","java"
"raphael","javascript"
"catalyst","java"
"range","python"
"google-closure","javascript"
"trac","python"
"sdl","java"
"mongoose","javascript"
"bonecp","java"
"zip","java"
"mailman","python"
"pyramid","python"
"rubymine","javascript"
"gpars","java"
"javadoc","java"
"aop","java"
"sql-server-2008","r"
"hdf5","python"
"deployment","java"
"plone","python"
"datasource","java"
"ormlite","java"
"celerity","java"
"amazon-web-services","java"
"elementtree","python"
"firebug","javascript"
"html5-video","javascript"
"shiro","java"
"pdfbox","java"
"wtforms","python"
"ironpython","python"
"berkeley-db-xml","java"
"cairo","python"
"jslint","javascript"
"session","python"
"red5","java"
"bash","r"
"grep","r"
"tornado","python"
"db2","r"
"spring.net","java"
"oc4j","java"
"google-earth-plugin","javascript"
"enthought","python"
"dynamics-crm-2011","javascript"
"reportlab","python"
"satchmo","python"
"telerik","javascript"
"jython","python"
"thrift","java"
"log4j","java"
"jboss","java"
"spidermonkey","javascript"
"documentation","java"
"padrino","javascript"
"greasemonkey","javascript"
"less","javascript"
"sencha-touch","javascript"
"adb","r"
"corba","java"
"zend-studio","javascript"
"wxpython","python"
"odbc","r"
"garbage-collection","java"
"gtk","python"
"webgl","javascript"
"qunit","javascript"
"slf4j","java"
"pylons","python"
"jet","java"
"gxt","java"
"real-time","java"
"namespaces","java"
"doxygen","java"
"psycopg2","python"
"jar","java"
"merge","r"
"jvm","java"
"domain-driven-design","java"
"cron","java"
"elgg","javascript"
"awt","java"
"sitemap","javascript"
"dhtml","javascript"
"cruisecontrol.net","java"
"tkinter","python"
"gevent","python"
"gsp","java"
"zodb","python"
"ssis","r"
"cobertura","java"
"werkzeug","python"
"plupload","java"
"socket.io","javascript"
"mod-pagespeed","javascript"
"sml","java"
"titanium","java"
"sphinx","python"
"language-agnostic","python"
"ioc-container","java"
"pyjamas","python"
"lwuit","java"
"mechanize","python"
"gnuradio","python"
"pymunk","python"
"onkeyup","javascript"
"selenium-rc","java"
"wsgi","python"
"jna","java"
"look-and-feel","java"
"ckeditor","javascript"
"buildr","java"
"rabbitmq","python"
"sas","python"
"gridgain","java"
"timestamp","java"
"firefox","javascript"
"data-binding","java"
"sts-springsourcetoolsuite","java"
"jfreechart","java"
"vaadin","java"
"xhtml-1.0-strict","javascript"
"htmlunit","java"
"bindingsource","java"
"wlst","java"
"axis2","java"
"finalbuilder","java"
"openlayers","javascript"
"gaelyk","java"
"mockito","java"
"ehcache","java"
"scipy","python"
"uitabbarcontroller","r"
"tweepy","python"
"unsafe","java"
"uiwebview","javascript"
"pickle","python"
"scrypt","java"
"gwt2","javascript"
"lamp","python"
"prototypejs","javascript"
"ape","javascript"
"three.js","javascript"
"expression-encoder","r"
"pip","python"
"ldap","java"
"adfs","r"
"android-ndk","java"
"hibernate-tools","java"
"gdb","java"
"ascii","r"
"hashmap","java"
"pyqt","python"
"apache-pivot","java"
"dalvik","java"
"pylint","python"
"exception","r"
"oas","java"
"pow","java"
"fabric","python"
"reflection","java"
"lambda","python"
"esri","javascript"
"observer-pattern","python"
"turbogears2","python"
"java-bytecode-asm","java"
"pyside","python"
"py2exe","python"
"gnuplot","python"
"underscore.js","javascript"
"turbogears","javascript"
"bean-validation","java"
"websphere-mq-fte","r"
"jena","java"
"functional-java","java"
"mirah","java"
"pywin32","python"
"paramiko","python"
"pycrypto","python"
"eclipse-virgo","java"
"cxf","java"
"engineyard","java"
"jquery-plugins","javascript"
"jung","java"
"jtemplate","javascript"
"spss","python"
"mako","python"
"wsh","python"
"stax","java"
"jsonschema","javascript"
"jets3t","java"
"querypath","javascript"
"jco","java"
"median","r"
"statistics","r"
"soapui","java"
"safari","javascript"
"kombu","python"
"sitemesh","java"
"checkstyle","java"
"findbugs","java"
"cics","java"
"libgit2","python"
"appcelerator","javascript"
"blender","python"
"tableau","javascript"
"eval","python"
"fusioncharts","javascript"
"ipython","python"
"rtsj","java"
"bamboo","java"
"quartz-scheduler","java"
"foreach","java"
"akka","java"
"wijmo","javascript"
"intersystems-cache","java"
"highcharts","javascript"
"hbm2java","java"
"internet-explorer-9","javascript"
"sage","python"
"quartz-composer","javascript"
"pyglet","python"
"anytime","javascript"
"fmpp","java"
"z-index","javascript"
"pyobjc","python"
"scripting","javascript"
"jax-ws","java"
"proguard","java"
"groovy++","java"
"zeromq","java"
"pac","javascript"
"smack","java"
"rhino","javascript"
"sap","r"
"strophe","javascript"
"uri","r"
"patricia-trie","r"
"script#","javascript"
"java.util.concurrent","java"
"dom4j","java"
"jdom","java"
"eclipse-wtp","java"
"java.util.logging","java"
"jdeveloper","java"
"mysql-workbench","python"
"scjp","java"
"zk","java"
"blazeds","java"
"rexx","java"
"jmock","java"
"runnable","java"
"jaxp","java"
"datetime","java"
"zope","python"
"vector","java"
"semaphore","java"
"msgpack","java"
"messagepack","java"
"google-closure-compiler","javascript"
"jooq","java"
"egit","java"
"jframe","java"
"websphere","r"
"scriptaculous","javascript"
"dphibernate","java"
"mule","java"
"jms","java"
"jndi","java"
"connection-pooling","java"
"hdfs","java"
"apache-pig","r"
"robotframework","python"
"flying-saucer","java"
"safari-extension","javascript"
"closures","javascript"
"asp.net-mvc-3","javascript"
"birt","java"
"crud","r"
"jasmine","javascript"
"easymock","java"
"displaytag","java"
"wt","javascript"
"jsch","java"
"reporting-services","r"
"libvlc","python"
"dwr","java"
"time","r"
"jsni","javascript"
"buildpath","java"
"dynamic","javascript"
"soap4r","r"
"webrat","javascript"
"type-inference","java"
"extjs4","javascript"
"xajax","javascript"
"annotations","java"
"sharpssh","java"
"floating-point","javascript"
"autocad","javascript"
"restlet","java"
"web.py","python"
"swtbot","java"
"jsonp","javascript"
"glade","java"
"libsvm","java"
"activexobject","javascript"
"xap","javascript"
"nsstring","python"
"haxe","javascript"
"conkeror","javascript"
"xdv","python"
"e4x","javascript"
"agents-jade","java"
"collections","java"
"python-sphinx","python"
"python.net","python"
"app-inventor","java"
"yesod","javascript"
"avro","java"
"msxml","r"
"google-code","java"
"pojo","java"
"gimp","python"
"seam3","java"
"rcpp","r"
"apache-cayenne","java"
"buildout","python"
"pega","java"
"xom","java"
"protovis","javascript"
"codepro","java"
"google-visualization","javascript"
"eclipse-jdt","java"
"jad","java"
"character-encoding","r"
"google-translate","javascript"
"timezone","java"
"datatables","javascript"
"spring-el","java"
"xjc","java"
"spock","java"
"airplay","javascript"
"formencode","python"
"truezip","java"
"fitnesse","java"
"hippocms","java"
"web-scraping","python"
"tk","python"
"jquery-globalization","javascript"
"internet-explorer-7","javascript"
"clover","java"
"lxml","python"
"uploadify","javascript"
"googlecl","python"
"warbler","java"
"plyr","r"
"gdata-api","java"
"jquery-1.6","javascript"
"cgal","java"
"uwsgi","python"
"phantomjs","javascript"
"loadrunner","java"
"oracle-adf","java"
"maya","python"
"salesforce","java"
"weblogic","java"
"xulrunner","javascript"
"dynamic-typing","javascript"
"minecraft","java"
"myfaces","java"
"pygame","python"
"google-calendar-api","java"
"apache2","python"
"apex-code","java"
"ssh","java"
"fancybox","javascript"
"template-toolkit","python"
"eclipse-emf","java"
"elasticsearch","java"
"py2app","python"
"axapta","java"
"dynamics-ax-2009","r"
"ahah","javascript"
"resteasy","java"
"asciidoc","python"
"dygraphs","javascript"
"web2py","python"
"nltk","python"
"owl","java"
"sympy","python"
"melt","r"
"worldwind","java"
"org.json","java"
"java.util.scanner","java"
"jboss-weld","java"
"weka","java"
"exchangewebservices","java"
"memory-management","java"
"prettyfaces","java"
"pyopenssl","python"
"bottle","python"
"redirect","javascript"
"android-webview","javascript"
"spring-transactions","java"
"psgi","python"
"review-board","python"
"hsqldb","java"
"webmethods","java"
"azure-vm-role","r"
"azure-web-roles","r"
"jsp-tags","java"
"classpath","java"
"button","java"
"rets","java"
"screen-scraping","javascript"
"openmap","java"
"coldspring","java"
"split","java"
"biginteger","java"
"pycharm","python"
"nhapi","java"
"jpanel","java"
"plesk","java"
"acm","java"
"grails-plugin","javascript"
"viewstate","java"
"zsi","python"
"force.com","java"
"dojox.charting","javascript"
"ax","java"
"portlet","java"
"scriptom","java"
"inotify","python"
"gdata-java-client","java"
"lwjgl","java"
"android-fragments","java"
"dictionary","python"
"cheetah","python"
"web-worker","javascript"
"apache-chemistry","java"
"grid","r"
"solrj","java"
"modernizr","javascript"
"postgis","r"
"scale","r"
"threadpool","java"
"dnode","java"
"sbt","java"
"sql-server-2008-r2","r"
"ilog","java"
"jdbi","java"
"naming-conventions","java"
"jibx","java"
"jshint","javascript"
"ibm-midrange","java"
"smil","javascript"
"docx4j","java"
"orientdb","java"
"java-8","java"
"arraylist","java"
"plovr","javascript"
"jodconverter","java"
"jquery-selectors","javascript"
"boto","python"
"velocity","java"
"gzipstream","java"
"rubyzip","java"
"dreamweaver","java"
"django-models","python"
"dozer","java"
"netbeans-platform","java"
"sequelize.js","javascript"
"phpjs","javascript"
"suds","python"
"composite-component","java"
"scalatest","java"
"windows-ribbon-framework","r"
"mapstraction","javascript"
"x509certificate","java"
"biojava","java"
"siena","java"
"simplejson","python"
"jboss-arquillian","java"
"terracotta","java"
"json-lib","java"
"xstream","java"
"javasound","java"
"kmz","r"
"geoserver","java"
"java-micro-editon-sdk3.0","java"
"mocking","javascript"
"uservoice","java"
"compilation","java"
"picolisp","javascript"
"spring-ldap","java"
"oracle-xdk","java"
"set","python"
"jai","java"
"pandas","python"
"sigar","java"
"uima","java"
"saxon","java"
"orbited","javascript"
"jsr296","java"
"rangy","javascript"
"egg","python"
"binding","java"
"pycuda","python"
"django-settings","python"
"nokia-s40","java"
"oracleforms","java"
"ocr","python"
"virtualenv","python"
"mathjax","javascript"
"ttk","python"
"json-simple","java"
"lavalamp","javascript"
"pytz","python"
"zepto","javascript"
"soundmanager2","javascript"
"google-plus","java"
"multidimensional-array","javascript"
"couchdb-python","python"
"nio","java"
"querydsl","java"
"itk","python"
"xuggle","java"
"mysql-python","python"
"objective-j","javascript"
"gil","python"
"defaultdict","python"
"tiles2","java"
"codesmith","java"
"plotmath","r"
"sesame","java"
"pymongo","python"
"tridion","java"
"d3.js","javascript"
"shelve","python"
"enyo","javascript"
"html5-canvas","javascript"
"jasypt","java"
"chirpy","javascript"
"setinterval","javascript"
"lcdui","java"
"template-engine","java"
"argouml","java"
"boost-python","python"
"jqplot","javascript"
"rollingfileappender","java"
"jaxb2-basics","java"
"java-metro-framework","java"
"marklogic","java"
"g-wan","java"
"sapb1","r"
"monkeyrunner","python"
"mpxj","java"
"optparse","python"
"memoryview","python"
"aspectj","java"
"shadowbox","javascript"
"abstract-interpretation","r"
"jdepend","java"
"idl","java"
"iis-7.5","r"
"xtext","java"
"jmockit","java"
"svd","r"
"s","r"
"casbah","java"
"webapp2","python"
"history","javascript"
"gettext","java"
"j2mepolish","java"
"fork-join","java"
"atmosphere","java"
"compass-lucene","java"
"dsl","r"
"netbeans6.5","java"
"netbeans6.8","java"
"netbeans6.7","java"
"netbeans-6.9","java"
"netbeans6.1","java"
"javafx-2","java"
"java-7","java"
"facebook-javascript-sdk","javascript"
"histogram","r"
"xfire","java"
"jspx","java"
"sparse-matrix","r"
"transmogrifier","python"
"glm","r"
"cran","r"
"matrix-multiplication","r"
"analytics","r"
"time-series","r"
"extjs3","javascript"
"stata","r"
"smooks","java"
"userscripts","javascript"
"vlcj","java"
"jak","java"
"jca","java"
"websharper","javascript"
"m2crypto","python"
"orange","python"
"javax.script","java"
"openbravo","java"
"reference-class","r"
"excanvas","javascript"
"boehm-gc","java"
"dataframe","r"
"struts-1","java"
"datajs","javascript"
"openjpa","java"
"grizzly","java"
"emma","java"
"google-closure-templates","javascript"
"jmonkeyengine","java"
"django-forms","python"
"specifications","java"
"find","python"
"jprobe","java"
"header-files","java"
"jacoco","java"
"mmapi","java"
"crontab","java"
"jedit","java"
"trove4j","java"
"spine.js","javascript"
"jaas","java"
"whoosh","python"
"handlebars.js","javascript"
"jzlib","java"
"appmobi","javascript"
"series-40","java"
"mbeans","java"
"jsf-1.2","java"
"mechanicalturk","java"
"twitter-bootstrap","javascript"
"c++11","r"
"css3pie","javascript"
"quercus","java"
"ironjs","javascript"
"ehcache-bigmemory","java"
"s4","r"
"asset-pipeline","javascript"
"genexus","java"
"pygobject","python"
"setup.py","python"
"wicketstuff","javascript"
"wso2","java"
"soundcloud","java"
"war","java"
"scalacheck","java"
"getelementbyid","javascript"
"same-origin-policy","javascript"
"mapserver","python"
"jsr172","java"
"graphics2d","java"
"after-effects","javascript"
"bufferedimage","java"
"zen","python"
"clojurescript","javascript"
"google-api-java-client","java"
"facebooker2","javascript"
"ejs","javascript"
"ios-ui-automation","javascript"
"wsadmin","r"
"phpquery","javascript"
"sshj","java"
"jericho-html-parser","java"
"webdynpro","java"
"assetic","javascript"
"v8","javascript"
"javassist","java"
"jcr","java"
"arbor.js","javascript"
"dynatree","javascript"
"caret","r"
"ply","python"
"setuptools","python"
"windows-runtime","javascript"
"base64","javascript"
"slick2d","java"
"lettuce","python"
"scrollbar","javascript"
"facebook-apps","python"
"actionscript-2","javascript"
"client-side-scripting","javascript"
"server-side-scripting","javascript"
"signalr","javascript"
"freeimage","java"
"rgl","r"
"rally","java"
"visifire","python"
"cplex","java"
"opera-mini","javascript"
"broadleaf-commerce","java"
"bots","python"
"hapi","java"
"graphite","python"
"swingx","java"
"batik","java"
"sling","java"
"apache-felix","r"
"pod","python"
"javabeans","java"
"ebean","java"
"wowza","java"
"kyotocabinet","java"
"tokyo-cabinet","java"
"sublimetext","python"
"firefox-addon-sdk","javascript"
"django-piston","python"
"assert","python"
"seek","python"
"dashcode","javascript"
"pca","r"
"powermock","java"
"struts1","java"
"javap","java"
"scalala","r"
"junit4","java"
"oniguruma","java"
"adobe-illustrator","javascript"
"junit3","java"
"apache-forrest","java"
"woodstock","java"
"deck.js","javascript"
"xmlrpclib","python"
"javafx","java"
"dart","r"
"simplecv","python"
"relocation","r"
"root-framework","python"
"jbehave","java"
"echo2","java"
"aweber","python"
"ibm-rad","java"
"inkscape","python"
"javolution","java"
"rational-team-concert","java"
"cmsmadesimple","javascript"
"playn","java"
"cocos2d-android","java"
"cocos2d-python","python"
"sikuli","java"
"guile","r"
"libgdx","java"
"variadic-functions","javascript"
"html-editor","javascript"
"powerpc","r"
"rust","r"
"spring-3","java"
"pyflakes","python"
"cache-manifest","javascript"
"master-pages","javascript"
"doctest","python"
"matlab-deployment","java"
"spotify","javascript"
"jbpm","java"
"import","python"
"desire2learn","r"
"fopen","r"
"relational-algebra","r"
"lubridate","r"
"processing.js","java"
"javascript-framework","javascript"
"siteminder","r"
"lattice","r"
"coverity-prevent","java"
"robot","java"
"rdl","r"
"internet-explorer-10","javascript"
"freebase-acre","javascript"
"spring-social","java"
"designer","java"
"luaj","java"
"qtwebkit","javascript"
"itertools","python"
"openoffice.org","python"
"playframework-2.0","java"
"web.xml","java"
"jsr82","java"
"redbean","r"
"titanium-mobile","javascript"
"codemirror","javascript"
"magento-1.5","java"
"heap","r"
"sencha-touch-2","javascript"
"lightbox","javascript"
"tinyos","java"
"fouc","javascript"
"apache-commons-cli","java"
"pyro","r"
"stringbuilder","java"
"google-fusion-tables","javascript"
"java-home","java"
"autosys","java"
"cleartool","r"
"cdc","java"
"flask-sqlalchemy","python"
"nuxeo","java"
"jscript","javascript"
"oracle-nosql","java"
"game-maker","java"
"python-stackless","python"
"pypdf","python"
"kendo-ui","javascript"
"python-sip","python"
"r-tree","r"
"jquery-tools","javascript"
"cut","r"
"jscience","java"
"livegraph","java"
"frege","java"
"turtle-graphics","python"
"dynamic-language-runtime","python"
"rope","python"
"draw2d","java"
"pyopengl","python"
"mobile-safari","javascript"
"highstock","javascript"
"multiprocessing","python"
"glassfish-3","java"
"algorithmic-trading","python"
"swi-prolog","java"
"laravel","r"
"nunit-2.5","java"
"nunit-2.5.9","java"
"jdk1.6","java"
"jdk1.5","java"
"jdk1.4","java"
"jdk6","java"
"python-2.x","python"
"jquery-1.5","javascript"
"jquery-1.4","javascript"
"silverlight-2.0","javascript"
"interpolation","r"
"introspection","java"
"urllib","python"
"decorator","python"
"libxml2","python"
"weblogic-10.x","java"
"blackberry-jde","java"
"runtime-error","r"
"par","r"
"powershell-3.0","r"
"swfupload","javascript"
"clone","java"
"funkload","python"
"websphere-portal","java"
"pysandbox","python"
"linecache","python"
"pytables","python"
"js2-mode","javascript"
"pisa","python"
"docx","r"
"webpage","javascript"
"xlwt","python"
"jint","javascript"
"ocsigen","javascript"
"paster","python"
"zelle-graphics","python"
"jison","javascript"
"xerces","java"
"python-memcached","python"
"ember.js","javascript"
"netcdf","java"
"heap-memory","r"
"dynamics-ax-2012","r"
"apply","r"
"jsfiddle","javascript"
"count","java"
"blackberry-webworks","javascript"
"wai-aria","javascript"
"mechanize-python","python"
"sinon","javascript"
"spring-annotations","java"
"jrebel","java"
"att","r"
"biopython","python"
"infovis","javascript"
"ceylon","java"
"clearcase-ucm","r"
"easeljs","javascript"
"popcornjs","javascript"
"django-debug-toolbar","python"
"embedded-jetty","java"
"dbvisualizer","java"
"selectonemenu","java"
"piccolo","java"
"parallel-python","python"
"server-side","python"
"graphiti","java"
"filter","java"
"google-custom-search","javascript"
"pyinstaller","python"
"argparse","python"
"plot","r"
"ical4j","java"
"jgit","java"
"rinside","r"
"castor","java"
"event-delegation","javascript"
"middleware","java"
"arcpy","python"
"gunicorn","python"
"netbeans-7.1","java"
"bsddb","python"
"newrelic","java"
"recess","r"
"white","java"
"spreadsheet","javascript"
"concordion","java"
"google-chrome-frame","javascript"
"python-requests","python"
"nevow","python"
"flexjson","javascript"
"kotlin","javascript"
"milton","java"
"powerset","python"
"bluedragon","java"
"python-3.3","python"
"cargo","java"
"chromeless","javascript"
"bundle","javascript"
"subprocess","python"
"opera-dragonfly","javascript"
"mupdf","javascript"
"ring","python"
"mapr","r"
"spring-jms","java"
"gate","java"
"ogre","r"
"pure-js","javascript"
"kivy","python"
"cobra","java"
"ace-editor","javascript"
"google-maps-api-2","javascript"
"xpages","javascript"
"nexus-s","r"
"qt-quick","javascript"
"parsekit","java"
"schemaspy","java"
"runtime","java"
"sentry","python"
"opencsv","java"
"out-of-browser","javascript"
"google-places-api","javascript"
"iphone-standalone-web-app","javascript"
"ls","r"
"jflex","java"
"mocha","javascript"
"flotr","javascript"
"sahi","javascript"
"aidl","java"
"dbscan","r"
"hogan.js","javascript"
"xtragrid","r"
"ranorex","java"
"antiforgerytoken","javascript"
"myeclipse","java"
"android-xml","java"
"pavlov","javascript"
"jsr179","java"
"dexterity","python"
"jcaps","java"
"weblogic11g","java"
"mayavi","python"
"weblogic9.x","java"
"weblogic8.x","java"
"datastage","java"
"xval","javascript"
"hyde","python"
"eclipse-m2t-jet","java"
"grinder","java"
"scikits","python"
"webobjects","java"
"nipype","python"
"iso-prolog","r"
"jcifs","java"
"gtk3","python"
"jackcess","java"
"antlr2","r"
"grails-2.0","java"
"xtable","r"
"soaplib","python"
"winjs","javascript"
"supercsv","java"
"jtapi","java"
"dhtmlx","javascript"
"apache-httpcomponents","java"
"difflib","python"
"settimeout","javascript"
"zombie.js","javascript"
"pythonxy","python"
"pyzmq","python"
"voldemort","java"
"jsctypes","javascript"
"dotcms","java"
"wikitude","javascript"
"jonas","java"
"antisamy","javascript"
"roxygen2","r"
"openbd","java"
"rserve","r"
"webchromeclient","javascript"
"babel","python"
"angularjs","javascript"
"imagemapster","javascript"
"metasploit","java"
"pyface","python"
"complex-numbers","r"
"beaker","python"
"leaflet","javascript"
"ecmascript-5","javascript"
"basex","java"
"arbitrary-precision","java"
"dropwizard","java"
"jconsole","java"
"markaby","javascript"
"pie-chart","r"
"statet","r"
"rapache","r"
"codenameone","java"
"package","java"
"cordova","javascript"
"pygui","python"
"pep8","python"
"browserid","javascript"
"libming","python"
"chartfx","java"
"typesafe-stack","java"
"jsdoc","java"
"derbyjs","javascript"
"jacl","java"
"mod-python","python"
"python-datetime","python"
"requestanimationframe","javascript"
"tridion2009","java"
"zendx","java"
"onmousemove","javascript"
"django-sitemaps","python"
"team-explorer-everywhere","java"
"x3d","javascript"
"wbxml","java"
"netstat","r"
"python-twitter","python"
"content-script","javascript"
"simile","javascript"
"runit","r"
"jcuda","java"
"alloy-ui","javascript"
"jquery-reel","java"
"chutzpah","javascript"
"cubrid","java"
"ucma","r"
"kernlab","r"
"window-tester","java"
"jpcap","java"
"julia","r"
"fread","r"
"shark","java"
"bbc-glow","javascript"
"gjs","javascript"
"playbook","java"
"tuxedo","java"
"luajava","java"
"knitr","r"
"quantile","r"
"amber-smalltalk","javascript"
"rxjs","javascript"
"automap","r"
"html-parser","java"
"impress.js","javascript"
"django-users","python"
"easyb","java"
"meteor","javascript"
"fmj","java"
"pyrex","python"
"xmlunit","java"
"android-library","r"
"webstorm","javascript"
"equinox","r"
"cassette","javascript"
"expando","javascript"
"reshape","r"
"firebug-lite","javascript"
"xpinc","java"
"antlr4","r"
"implicit","r"
"curljs","javascript"
"jvm-crash","java"
"logarithm","java"
"google-caja","javascript"
"pydbg","python"
"platypus","python"
"aqtime","java"
"f2py","python"
"playframework-1.x","java"
"labeled-statements","javascript"
"serializable","java"
"generic-programming","java"
"session-storage","javascript"
"nio2","java"
"pika","python"
"distribution","r"
"parse-platform","java"
"qtip2","javascript"
"rstudio","r"
"trigger.io","javascript"
"yolk","python"
"nodatime","java"
"pexpect","python"
"topic-modeling","java"
"cucumber-jvm","java"
"forward-engineer","java"
"html5lib","python"
"dd4t","java"
"bar-chart","r"
"sublimetext2","python"
"google-bigquery","r"
"browserfield","java"
"jinfo","java"
"jaydata","javascript"
"dotnet-httpclient","java"
"unobtrusive-javascript","javascript"
"unpack","python"
"pack","python"
"arrow-keys","javascript"
"nameerror","python"
"grok","python"
"spatial-interpolation","r"
"vert.x","java"
"r7rs","r"
"kanso","javascript"
"jstween","javascript"
"spyder","python"
"momentjs","javascript"
"extjs4.1","javascript"
"stimulsoft","javascript"
"prefuse","java"
"knockout.js","javascript"
"node-modules","r"
"netsuite","javascript"
"omnifaces","java"
"google-ajax-api","javascript"
"anchor","javascript"
"rpostgresql","r"
"squishit","javascript"
"ftputil","python"
"kineticjs","javascript"
"sun","java"
"android-annotations","java"
"skype4java","java"
"jemmy","java"
"calico","python"
"kss","javascript"
"smart-mobile-studio","javascript"
"dtsearch","java"
"jxl","java"
"jexl","java"
"native","java"
"apache-commons-io","java"
"mootools-more","javascript"
"mootools-sortable","javascript"
"mootools-fx","javascript"
"mootools1.2","javascript"
"jsplumb","javascript"
"parboiled","java"
"supervisord","python"
"jdb","java"
"jks","java"
"resin","java"
"vegan","r"
"apache-commons-beanutils","java"
"crossfilter","javascript"
"webseal","java"
"jgrapht","java"
"signpost","java"
"rxtx","java"
"stripe-payments","java"
"datejs","javascript"
"aapt","r"
"launch4j","java"
"bioconductor","r"
"mxgraph","javascript"
"dotless","javascript"
"tox","python"
"apache-tika","java"
"parse-url","python"
"java-wireless-toolkit","java"
"bpgsql","python"
"apache-commons-logging","java"
"maximo","java"
"jgroups","java"
"jettison","java"
"jline","java"
"filehandler","java"
"squirrel-sql","java"
"rythm","java"
"casperjs","javascript"
"next-generation-plugin","java"
"sqlcipher","java"
"pythonanywhere","python"
"ggmap","r"
"paver","python"
"packaging","python"
"android-view","java"
"japid","java"
"sharpen-tool","java"
"pusher","javascript"
"src","javascript"
"compareto","java"
"jxls","java"
"opera-extension","javascript"
"servicenow","r"
"ajdt","java"
"scenebuilder","java"
"crawler4j","java"
"sap-basis","r"
"boilerpipe","java"
"datebox","java"
"jgrasp","java"
"single-page-application","javascript"
"eclemma","java"
"pyd","python"
"py2neo","python"
"crossrider","javascript"
"re2","python"
"gruntjs","javascript"
"internet-explorer-5","javascript"
"myro","python"
"jnotify","java"
"wso2esb","java"
"java-melody","java"
"tiddlywiki","javascript"
"new-operator","java"
"cprofile","python"
"minify","javascript"
"opencpu","r"
"morphic","javascript"
"pyffmpeg","python"
"windows-phone-8","javascript"
"cognos-tm1","java"
"scikit-learn","python"
"watij","java"
"extjs2","javascript"
"simplehttpserver","python"
"django-ajax-selects","javascript"
"zeroclipboard","javascript"
"openimaj","java"
"python-c-api","python"
"soap-client","python"
"smtplib","python"
"sardine","java"
"canjs","javascript"
"mobile-browser","javascript"
"simple-framework","java"
"handsontable","javascript"
"geometric-arc","java"
"xwiki","java"
"chrome-ios","javascript"
"log4cpp","java"
"python-idle","python"
"japplet","java"
"blackberry-10","java"
"volatile","java"
"buster.js","javascript"
"yajsw","java"
"cloud9-ide","python"
"attributeerror","python"
"eoferror","python"
"onblur","javascript"
"51degrees","java"
"spring-jdbc","java"
"transpose","r"
"pymox","python"
"cryptojs","javascript"
"james","java"
"onx","javascript"
"chameleon","python"
"satchless","python"
"mplot3d","python"
"antform","java"
"jclouds","java"
"tigase","java"
"weblogic12c","java"
"python-ldap","python"
"funcunit","javascript"
"mgwt","javascript"
"hiveql","java"
"filereader","java"
"alembic","python"
"android-ksoap2","java"
"pymacs","python"
"weld","java"
"android-browser","javascript"
"opensocial","javascript"
"apache-commons-lang","java"
"linear-regression","r"
"p4eclipse","java"
"deform","python"
"balanced-payments","python"
"disruptor-pattern","java"
"pyaudio","python"
"moo","java"
"android-ndk-r5","r"
"android-ndk-r7","r"
"promise","javascript"
"rhapsody","java"
"cloudinary","java"
"pamie","python"
"panda3d","python"
"wakanda","javascript"
"oracle-fusion-middleware","java"
"firefox-os","javascript"
"google-nativeclient","javascript"
"dex2jar","java"
"cron4j","java"
"juice-ui","javascript"
"selenium-webdriver","javascript"
"chai","javascript"
"readline","java"
"openlaszlo","javascript"
"regression","r"
"woocommerce","javascript"
"h5py","python"
"lessphp","javascript"
"limejs","javascript"
"self","python"
"video.js","javascript"
"approval-tests","java"
"xlrd","python"
"counter","python"
"android-memory","java"
"pymol","python"
"jsonlint","javascript"
"matplotlib-basemap","python"
"xregexp","javascript"
"compiler-options","java"
"htsql","javascript"
"selenium-firefoxdriver","javascript"
"smali","java"
"titanium-modules","javascript"
"audiojs","javascript"
"sugar.js","javascript"
"jspdf","javascript"
"webassets","python"
"gatein","java"
"sublime-jslint","javascript"
"distutils2","python"
"smoothing","r"
"tweenlite","javascript"
"r-markdown","r"
"here-api","javascript"
"zope.interface","python"
"skype4py","python"
"iccube","java"
"lzx","javascript"
"namedtuple","python"
"libharu","r"
"appjs","javascript"
"thymeleaf","java"
"jcurses","java"
"listjs","javascript"
"quaqua","java"
"clientbundle","java"
"max","python"
"impactjs","javascript"
"knockout-mvc","javascript"
"phalcon","javascript"
"simpy","python"
"stan","r"
"asp.net-spa","javascript"
"dexmaker","java"
"petitparser","java"
"apache-commons-math","java"
"starcluster","python"
"rcurl","r"
"cedar","python"
"tidesdk","javascript"
"webcenter-sites","java"
"indoor-positioning-system","javascript"
"android-support-library","r"
"httpurlconnection","java"
"grid-layout","java"
"pymysql","python"
"thunderbird-addon","javascript"
"yeoman","r"
"sqlexception","java"
"ioexception","java"
"formatexception","java"
"channel","java"
"rmongodb","r"
"spring-insight","java"
"jarjar","java"
"boilerplatejs","javascript"
"odfweave","r"
"gora","java"
"flowlayoutpanel","java"
"pouchdb","javascript"
"aviarc","java"
"imapi","r"
"activepivot","java"
"pypi","python"
"wysihtml5","javascript"
"jquery-easyui","javascript"
"linq.js","javascript"
"encodeuricomponent","javascript"
"webharvest","java"
"bind","javascript"
"java-api","java"
"io-completion-ports","r"
"python-mock","python"
"krumo","r"
"jqvmap","javascript"
"intraweb","javascript"
"azure-java-sdk","java"
"typescript","javascript"
"lme4","r"
"servlet-2.5","java"
"python-2to3","python"
"hmisc","r"
"app.yaml","java"
"pyenchant","python"
"wro4j","java"
"jetty-8","java"
"soot","java"
"testthat","r"
"mojito","javascript"
"python-daemon","python"
"javascript-objects","javascript"
"empy","python"
"nme","java"
"enquire.js","javascript"
"tynamo","java"
"ladon","python"
"pythonmagick","python"
"scriptignore","javascript"
"javascriptserializer","javascript"
"ptvs","python"
"yourkit","java"
"perfview","javascript"
"jtoolbar","java"
"reshape2","r"
"xdocreport","java"
"xmlnodelist","java"
"axon","java"
"sim-toolkit","java"
"mgcv","r"
"e4","java"
"siebel","javascript"
"bootstrap-typeahead","javascript"
"xmpppy","python"
"pymel","python"
"jbullet","java"
"urllib3","python"
"axiom","java"
"google-chrome-app","javascript"
"objectscript","java"
"linux-mint","java"
"jdic","java"
"icedtea","java"
"snackjs","javascript"
"vaadin-touchkit","java"
"pax-web","r"
"taffydb","javascript"
"curvycorners","javascript"
"scriptella","java"
"jtidy","java"
"minidom","python"
"squirrelmail","javascript"
"jambi","java"
"jaybird","java"
"lambdaj","java"
"turbolinks","javascript"
"healpy","python"
"resty","java"
"aether","java"
"weceem","java"
"validity.js","javascript"
"gwidgets","r"
"encog","java"
"breeze","javascript"
"apache-torque","java"
"jsonx","r"
"toastr","javascript"
"ipython-notebook","python"
"bonsaijs","javascript"
"tampermonkey","javascript"
"windows-server-2008-r2","r"
"orbit","javascript"
"jstat","javascript"
"roottools","java"
"ewsjavaapi","java"
"jqote","javascript"
"cisco-jtapi","java"
"sitebricks","java"
"rgraph","javascript"
"bower","javascript"
"jstyleparser","java"
"actionscript-1","javascript"
"python-imaging-library","python"
"shiny","r"
"gridextra","r"
"rickshaw","javascript"
"tiles-3","java"
"jfugue","java"
"rdflib","python"
"describe","r"
"web-essentials","javascript"
"telnetlib","python"
"ftplib","python"
"gobject-introspection","javascript"
"iggrid","javascript"
"fox-toolkit","python"
"unityscript","javascript"
"fuseki","java"
"cumsum","r"
"pvs-studio","java"
"cytoscape.js","javascript"
"xtrf","java"
"rmic","java"
"winpdb","python"
"google-api-js-client","javascript"
"google-api-python-client","python"
"google-api-php-client","python"
"android-jsinterface","java"
"rjdbc","r"
"google-http-client","java"
"nashorn","javascript"
"buzz.js","javascript"
"checker-framework","java"
"struts-validation","javascript"
"ie7.js","javascript"
"roundup","python"
"webfont-loader","javascript"
"toarray","java"
"marie","java"
"dynamics-crm-2013","javascript"
"oracleclient","python"
"contentflow","javascript"
"apollo","javascript"
"mina","java"
"openxava","java"
"anova","r"
"box2dweb","javascript"
"esapi","java"
"ghost.py","python"
"flashcanvas","javascript"
"ariatemplates","javascript"
"candy","javascript"
"innovation","java"
"cartopy","python"
"ansible","python"
"builder","java"
"selectsinglenode","java"
"jsctags","javascript"
"jdi","java"
"performanceanalytics","r"
"javascript-debugger","javascript"
"dojo-1.6","javascript"
"taglist","java"
"artoolkit","java"
"node-webkit","javascript"
"jayrock","javascript"
"omniorb","python"
"rpyc","python"
"xsom","java"
"blpapi","java"
"jodd","java"
"socialauth","java"
"googlevis","r"
"min3d","java"
"mercury-editor","javascript"
"tm","r"
"convoy","javascript"
"doclet","java"
"impromptu","javascript"
"adobe-brackets","javascript"
"apache-commons-dbutils","java"
"durandal","javascript"
"backbone.paginator","javascript"
"persistent-storage","javascript"
"jtemplates","javascript"
"robospice","java"
"tracekit","javascript"
"rome","java"
"zest","java"
"asp.net-webpages","javascript"
"dagger","java"
"protege","java"
"docopt","python"
"nidaqmx","python"
"sqlobject","python"
"kazoo","python"
"sijax","python"
"rpart","r"
"jasmin-x86","java"
"dunit","java"
"jquery-file-upload","python"
"affinetransform","r"
"elm","javascript"
"imgscalr","java"
"fortran-iso-c-binding","r"
"browserify","javascript"
"facebook-java-sdk","java"
"keyczar","java"
"libspotify","r"
"angular-ui","javascript"
"jrun","java"
"netbeans-7.2","java"
"jmap","java"
"facebooker","javascript"
"gitpython","python"
"genson","java"
"jtest","java"
"leap-motion","python"
"android-activityrecord","java"
"jasmine-jquery","javascript"
"ends-with","java"
"jscharts","javascript"
"httplib","python"
"shedskin","python"
"jspell","java"
"jamvm","java"
"puredata","python"
"vraptor","java"
"sublimerepl","python"
"bigcommerce","python"
"eyed3","python"
"crypt","python"
"rattle","r"
"freehep","java"
"textchanged","java"
"google-cloud-endpoints","java"
"system-rules","java"
"htmlcleaner","java"
"attach-api","java"
"git-review","python"
"winstone","java"
"sqlitejdbc","java"
"greensock","javascript"
"crossroadsjs","javascript"
"razorsql","java"
"elfinder","javascript"
"kryonet","java"
"jtreetable","java"
"query-engine","javascript"
"sqldf","r"
"jasmine-maven-plugin","javascript"
"r-rook-package","r"
"noscript","javascript"
"aries","java"
"brython","javascript"
"jquery-1.9","javascript"
"rails-activerecord","r"
"mrunit","java"
"ini4j","java"
"framejs","javascript"
"philips-hue","java"
"pyicu","python"
"spring-security-kerberos","java"
"pox","python"
"apache-commons-email","java"
"chromium-embedded","javascript"
"wsapi","python"
"snow","r"
"r-commander","r"
"rgdal","r"
"domc","r"
"phonegap-build","javascript"
"codekit","javascript"
"isinstance","python"
"swank-js","javascript"
"swampy","python"
"revision","r"
"btrace","java"
"miso.dataset","javascript"
"jarsigner","java"
"rake-pipeline","javascript"
"ckeditor.net","javascript"
"dbfit","java"
"vuforia","java"
"jsunit","javascript"
"tarfile","python"
"bundling-and-minification","javascript"
"maptools","r"
"spatstat","r"
"apache-commons-config","java"
"stringtemplate-4","java"
"sqlfiddle","r"
"glmnet","r"
"httr","r"
"spring-remoting","java"
"ordereddictionary","python"
"responsive-slides","javascript"
"fanstatic","javascript"
"parsley.js","javascript"
"waffle","java"
"android-cts","java"
"epydoc","python"
"min","python"
"rmysql","r"
"alice","java"
"object-create","javascript"
"jquery-lazyload","javascript"
"yuglify","javascript"
"lungojs","javascript"
"xmpp4r","r"
"random-forest","r"
"netbeans-7.3","javascript"
"jcanvascript","javascript"
"pysvn","python"
"ghostdriver","javascript"
"procedural","python"
"procedural-programming","python"
"python-jedi","python"
"grails-2.2","java"
"log4r","r"
"rapidminer","java"
"jboss-3.x","java"
"yacas","java"
"webkit-transform","r"
"apscheduler","python"
"jpedal","java"
"lanterna","java"
"silvertunnel","java"
"form-data","javascript"
"q","javascript"
"clif","java"
"pagerjs","javascript"
"vosao","java"
"groc","javascript"
"source-maps","javascript"
"rodbc","r"
"downloadify","javascript"
"gwt-elemental","java"
"speedtracer","javascript"
"pyode","python"
"jhbuild","python"
"dacpac","r"
"jquery-dynatree","javascript"
"jetstrap","javascript"
"fusionreactor","java"
"pushmobi","r"
"cfdocument","java"
"libtcod","python"
"winreg","python"
"cartridge","python"
"josql","java"
"jsyn","java"
"c5","java"
"cocosbuilder","javascript"
"gwt-highcharts","java"
"walltime-js","javascript"
"rjsonio","r"
"monkeytalk","javascript"
"tritonus","java"
"spring-validator","java"
"xlconnect","r"
"rhq","java"
"codewarrior","java"
"cfml","java"
"reveal.js","javascript"
"geos","java"
"discourse","javascript"
"base62","javascript"
"hp-uft","java"
"auto-indent","python"
"steelseries","java"
"dita-ot","java"
"shodan","python"
"correlation","r"
"kendo-mobile","javascript"
"squarespace","javascript"
"jfreereport","java"
"fine-uploader","javascript"
"angular-ui-bootstrap","javascript"
"rjson","r"
"dcm4che","java"
"gplots","r"
"tabris","java"
"cryptographic-hash-function","python"
"solr4j","java"
"hwid","r"
"readlines","python"
"sharepoint-clientobject","javascript"
"dc.js","javascript"
"dart-html","javascript"
"gaul","python"
"collectd","python"
"orika","java"
"jarbundler","java"
"quantmod","r"
"django-lean","javascript"
"django-pipeline","javascript"
"appengine-maven-plugin","java"
"crosstool-ng","java"
"scrollspy","javascript"
"clique","python"
"clique-problem","python"
"enaml","python"
"python-openid","python"
"mpmath","python"
"console.log","javascript"
"yuidoc","javascript"
"pysimplesoap","python"
"pebble-watch","javascript"
"optaplanner","java"
"control-m","java"
"zend-dom-query","javascript"
"glazedlists","java"
"sas-iml","r"
"rauth","python"
"intro.js","javascript"
"jdee","java"
"pygst","python"
"arules","r"
"openwsman","java"
"ws4py","python"
"zenoss","python"
"cgridview","javascript"
"jquery-ui-plugins","javascript"
"database-normalization","r"
"appium","java"
"pitest","java"
"pmml","r"
"opentok","javascript"
"sjxp","java"
"bulbs","python"
"camanjs","javascript"
"docker","python"
"ejml","java"
"jgraph","java"
"noweb","python"
"backticks","python"
"plumbum","python"
"debug-print","javascript"
"jsfunit","java"
"treetable","javascript"
"csom","javascript"
"phonegap-plugins","javascript"
"trellis","r"
"tix","python"
"tinyeditor","javascript"
"stargazer","r"
"background-thread","java"
"rml","python"
"django-i18n","python"
"lodash","javascript"
"flotr2","javascript"
"bintray","java"
"traminer","r"
"opensymphony","java"
"appfuse","java"
"cannon.js","javascript"
"pvpython","python"
"staruml","java"
"jaxb2-maven-plugin","java"
"squish","java"
"lightstreamer","java"
"analytics.js","javascript"
"hawtio","java"
"wsdlc","java"
"jusb","java"
"applaud","javascript"
"web-component","javascript"
"python-nose","python"
"wli","java"
"pyudev","python"
"aopalliance","java"
"ipopt","r"
"scala-dispatch","java"
"xcore","java"
"socketio4net","javascript"
"os-agnostic","javascript"
"dropzone.js","javascript"
"python-pika","python"
"hana","python"
"jncryptor","java"
"i18next","javascript"
"apache-lucy","java"
"androguard","python"
"xml.etree","python"
"python-dateutil","python"
"programmers-notepad","python"
"python-multithreading","python"
"pillow","python"
"pybel","python"
"xrange","python"
"webtest","python"
"flask-login","python"
"twython","python"
"xt","java"
"randori","javascript"
"jabaco","java"
"os.walk","python"
"hsenv","python"
"icheck","javascript"
"fortress","java"
"arduino-ide","java"
"ggdendro","r"
"bnfc","java"
"concurrentmodification","java"
"jersey-client","java"
"veracity","javascript"
"ejb-jar.xml","java"
"twill","python"
"cesium","javascript"
"javafx-8","java"
"intern","javascript"
"angularjs-bootstrap","javascript"
"zope.component","python"
"hybrid-mobile-app","javascript"
"jquery-2.0","javascript"
"jersey-1.0","java"
"koala-framework","javascript"
"pyp","python"
"bootbox","javascript"
"pywt","python"
"openbabel","python"
"sqljdbc","java"
"office365-apps","javascript"
"kooboo","javascript"
"howler.js","javascript"
"pixastic","javascript"
"mod-pywebsocket","python"
"jbuilder","java"
"appconkit","javascript"
"dynamics-ax-2012-r2","r"
"django-adaptors","python"
"google-cloud-datastore","python"
"tweetstream","python"
"jqxwidgets","javascript"
"apportable","java"
"gmongo","java"
"podio","java"
"sample","r"
"jhat","java"
"emokit","python"
"smallsql","java"
"retlang","java"
"kawa","java"
"mixed-models","r"
"mraid","javascript"
"pdfclown","java"
"adipoli","javascript"
"flann","python"
"marmalade-edk","java"
"geronimo","java"
"invokelater","java"
"invokeandwait","java"
"ydn-db","javascript"
"matrix-indexing","python"
"filehash","r"
"sticky","javascript"
"internet-explorer-11","javascript"
"theano","python"
"nifty-gui","java"
"androidhttpclient","java"
"dotnethighcharts","javascript"
"ie-developer-tools","javascript"
"swig-template","javascript"
"kxml2","java"
"tinymce-4","javascript"
"fixheadertable","javascript"
"normal-distribution","r"
"script-tag","javascript"
"ftp4j","java"
"istanbul","javascript"
"twitter-bootstrap-tooltip","javascript"
"stepic","python"
"kony","javascript"
"libclang","python"
"reactjs","javascript"
"rx-java","java"
"openair","r"
"jersey-2.0","java"
"jbcrypt","java"
"java-ee-7","java"
"mp4parser","java"
"liferay-aui","javascript"
"turbulenz","javascript"
"projekktor","javascript"
"google-static-maps","javascript"
"phonejs","javascript"
"highlight.js","javascript"
"tigra-calendar","javascript"
"legend","r"
"jointjs","javascript"
"servlet-3.1","java"
"eclipse-orion","javascript"
"jung2","java"
"python-elixir","python"
"packery","javascript"
"cvxopt","python"
"jemos-podam","java"
"avian","java"
"pygit2","python"
"pyfits","python"
"x-tag","javascript"
"struts2-jquery-plugin","javascript"
"stringr","r"
"pyportmidi","python"
"ammap","javascript"
"devtools","r"
"pdfobject","javascript"
"glassfish-4","java"
"tween.js","javascript"
"dart2js","javascript"
"hibernate-session","java"
"session-scope","java"
"rcharts","r"
"kartograph","python"
"lpsolve","java"
"wand","python"
"kendo-menu","javascript"
"magnific-popup","javascript"
"shieldui","javascript"
"nitrousio","python"
"pydub","python"
"jnaerator","java"
"wildfly","java"
"graphene2","java"
"gnu-classpath","java"
"ion-koush","java"
"splinter","python"
"grob","r"
"dnsjava","java"
"venkman","javascript"
"locust","python"
"enchant","python"
"aspose-slides","java"
"gitzilla","python"
"vline","javascript"
"little-proxy","java"
"dart-js-interop","javascript"
"r-osgi","r"
"r2jags","r"
"r2winbugs","r"
"expect.js","javascript"
"ajax.beginform","javascript"
"transfuse","java"
"protege4","java"
"eric-ide","python"
"open-esb","java"
"gspread","python"
"queue.js","javascript"
"getusermedia","javascript"
"jstorage","javascript"
"spring-test","java"
"jonix","java"
"jsonix","javascript"
"regula","javascript"
"jsbin","javascript"
"r-raster","r"
"dojo-build","javascript"
"heritrix","java"
"minifiedjs","javascript"
"blueprint-osgi","r"
"aggdraw","python"
"roauth","r"
"pycairo","python"
"jnario","java"
"jsonobject","javascript"
"worklight-runtime","javascript"
"livevalidation","javascript"
"square-bracket","javascript"
"python-3.4","python"
"urwid","python"
"twitter-bootstrap-3","javascript"
"firewatir","javascript"
"elasticutils","python"
"gitblit","java"
"heliconzoo","python"
"rdcomclient","r"
"weasyprint","python"
"plone-4.x","python"
"pynsq","python"
"gwt-2.5","javascript"
"emftext","java"
"bugtracker.net","javascript"
"tomee","java"
"droidquery","javascript"
"plone-3.x","python"
"cocoonjs","javascript"
"gbm","r"
"syslog4j","java"
"deltaspike","java"
"telerik-test-studio","javascript"
"dajax","javascript"
"tyrus","java"
"dynamic-content","javascript"
"eslint","javascript"
"ggbiplot","r"
"radicale","python"
"fipy","python"
"pelican","python"
"pyrserve","python"
"caucho","java"
"cytoscape","javascript"
"bookshelf.js","javascript"
"jscoverage","javascript"
"jquery-datatables","javascript"
"keymasterjs","javascript"
"epf","javascript"
"redland","python"
"python-paste","python"
"dalekjs","javascript"
"xsb","java"
"isis","java"
"asynchronous-messaging-protocol","python"
"spring-tool-suite","java"
"zip.js","javascript"
"eqatec","javascript"
"snapjs","javascript"
"asyncore","python"
"retrofit","java"
"llvm-py","python"
"astropy","python"
"traitsui","python"
"sunone","java"
"aubio","python"
"zucchini","javascript"
"date-format","java"
"wave","python"
"nunit-2.6","java"
"django-facebook","python"
"getelementsbyname","javascript"
"python-jira","python"
"ido","r"
"upsource","java"
"python-magic","python"
"powershell-4.0","r"
"php-java-bridge","java"
"timing-framework","java"
"appletviewer","java"
"hostmonster","python"
"mutation-events","javascript"
"rundeck","java"
"datetime-format","java"
"html5-kickstart","javascript"
"html5-notifications","javascript"
"canopy","python"
"eve","python"
"rule-engine","java"
"ractivejs","javascript"
"sapui5","javascript"
"logistic-regression","r"
"gwt-syncproxy","java"
"tidekit","javascript"
"pysdl2","python"
"urlfetch","python"
"skrollr","javascript"
"spark-java","java"
"jmc","java"
"names","r"
"thrift-protocol","java"
"synctool","python"
"cordova-3","javascript"
"opendolphin","java"
"imageobserver","java"
"konakart","java"
"sockjs","javascript"
"durandal-2.0","javascript"
"okhttp","java"
"flexmock","python"
"imshow","python"
"finite-element-analysis","python"
"mmenu","javascript"
"sim.js","javascript"
"qpython","python"
"sdcc","r"
"universal-analytics","javascript"
"bigint","java"
"flask-httpauth","python"
"hammer","javascript"
"repr","python"
"phaser","java"
"azul-zulu","java"
"azure-zulu","java"
"try-except","python"
"hyphen","javascript"
"j2ssh","java"
"yowsup","python"
"goinstant","javascript"
"boundbox","java"
"mimosa","javascript"
"wheel-menu","r"
"schemacrawler","java"
"snap.svg","javascript"
"python-ggplot","python"
"cordova-2.7.0","javascript"
"bluebird","javascript"
"html5-history","javascript"
"google-oauth-java-client","java"
"quantitative-finance","r"
"wxformbuilder","python"
"ons-api","javascript"
"netbeans-7.4","java"
"pdfminer","python"
"slimerjs","javascript"
"xpdo","python"
"typesafe-config","java"
"beta-distribution","r"
"outliers","r"
"widevine","javascript"
"intel-xdk","javascript"
"knockout-3.0","r"
"engine.io","java"
"neatupload","javascript"
"devpi","python"
"kango-framework","javascript"
"acid3","javascript"
"twitter-bootstrap-2","javascript"
"google-gdk","java"
"json2html","javascript"
"perfect-developer","java"
"konacha","javascript"
"teaspoon","javascript"
"sonarqube","java"
"cstringio","python"
"kendo-dataviz","javascript"
"jtopen","java"
"numexpr","python"
"stringify","javascript"
"pypyodbc","python"
"elessar","javascript"
"dynamicpdf","java"
"zendesk","java"
"wsdl4j","java"
"chocolatechip-ui","javascript"
"jcsv","java"
"underscore.php","javascript"
"jsf-1.1","java"
"worklight-analytics","javascript"
"java-ee-web-profile","java"
"blanket.js","javascript"
"opentip","javascript"
"grepl","r"
"harp","javascript"
"aura-framework","javascript"
"quojs","javascript"
"hibernate-postgresql","java"
"pyfftw","python"
"spring-io","java"
"json-patch","javascript"
"jhipster","java"
"optimizely","javascript"
"couchbase-lite","java"
"steambot","r"
"django-hstore","python"
"libpq","python"
"jmh","java"
"falconframework","python"
"bokeh","python"
"sipml","javascript"
"environment-modules","python"
"apache-spark","java"
"kiicloud","javascript"
"script-fu","r"
"fakesmile","javascript"
"ebuild","java"
"uncertainty","python"
"mapguide","java"
"rich-internet-application","javascript"
"sql-workbench-j","java"
"cups4j","java"
"siesta","javascript"
"uos","javascript"
"pyusb","python"
"pyxll","python"
"cocos2d-html5","javascript"
"cocos2d-x-3.0","javascript"
"ops4j","java"
"python-internals","python"
"accordionpane","java"
"jyaml","java"
"bc4j","java"
"heapbox","javascript"
"seaborn","python"
"jcc","java"
"jsbn","javascript"
"leadtools-sdk","javascript"
"beatbox","python"
"zoomify","javascript"
"client-dependency","javascript"
"webodf","javascript"
"zingchart","javascript"
"pexcept","python"
"mathjs","javascript"
"ui-thread","java"
"jqwidget","javascript"
"jsonreststore","javascript"
"cqlsh","python"
"java-websocket","java"
"apache-crunch","java"
"reposurgeon","python"
"httpretty","python"
"spotify-app","javascript"
"vwdexpress","javascript"
"android-testing","python"
"nuitka","python"
"google-diff-match-patch","java"
"cfwebsocket","javascript"
"python.el","python"
"adal","java"
"itunes-search-api","javascript"
"django-1.7","python"
"android-json-rpc","python"
"aurora.js","javascript"
"koji","python"
"d2rq","r"
"comtypes","python"
"spotfire","javascript"
"dplyr","r"
"jnr","java"
"draw2d-js","javascript"
"psse","python"
"glowscript","javascript"
"jboss-esb","java"
"spring-java-config","java"
"goodness-of-fit","r"
"jett","java"
"scrimage","java"
"chessboard.js","javascript"
"kendo-template","javascript"
"objectinputstream","java"
"objectoutputstream","java"
"planetary.js","javascript"
"haxeflixel","javascript"
"volojs","javascript"
"java-time","java"
"python-asyncio","python"
"glide","java"
"visad","java"
"tether","javascript"
"deep-learning","python"
"gupnp","python"
"pyjnius","python"
"linemanjs","javascript"
"colt","java"
"python-behave","python"
"bolts-framework","javascript"
"clistview","javascript"
"express.io","javascript"
"kernow","java"
"jzy3d","java"
"sjcl","javascript"
"statnet","r"
"jax-rpc","java"
"jquery-terminal","javascript"
"goangular","javascript"
"summernote","javascript"
"keen-io","python"
"dynamic-proxy","java"
"java2word","java"
"oauth2client","python"
"aplpy","python"
"restlet-2.0","java"
"bitcoinj","java"
"pdcurses","r"
"mstsc","r"
"adm-zip","javascript"
"kendo-asp.net-mvc","javascript"
"toscawidgets","python"
"scala.js","javascript"
"lingpipe","java"
"rex","r"
"license4j","java"
"canvasjs","javascript"
"openerp-7","python"
"thread-weaver","java"
"rsqlserver","r"
"bacnet4j","java"
"argb","r"
"jxcore","javascript"
"rhoconnect","javascript"
"libavg","python"
"metro.js","javascript"
"swagger-play2","java"
"bliki","java"
"hglib","python"
"gmpy","python"
"flipclock","javascript"
"pyevolve","python"
"aar","java"
"cloudpebble","javascript"
"jsr356","java"
"phaser-framework","javascript"
"requirejs-optimizer","r"
"logical-operators","r"
"ff","r"
"ffbase","r"
"meny-js","javascript"
"parenscript","javascript"
"grails-2.3","java"
"pysb","python"
"showdown","javascript"
"date-parsing","javascript"
"python-unittest","python"
"spring-websocket","java"
"git-repo","python"
"py++","python"
"esprima.js","javascript"
"avatarjs","java"
"javapos","java"
"nodebox","python"
"justgage","javascript"
"amazon-javascript-sdk","javascript"
"jsonlite","r"
"arcgis-js-api","javascript"
"marvinproject","java"
"f#-fake","r"
"storm-gen","java"
"rokajaxsearch","javascript"
"pyelftools","python"
"clang-format","java"
"webpack","javascript"
"camunda","java"
"tuprolog","java"
"ggvis","r"
"pybuilder","python"
"gojs","javascript"
"boofcv","java"
"safari7","javascript"
"chronicle","java"
"why3","java"
"jsobject","java"
"nipy","python"
"netbeans-8","java"
"crosswalk-runtime","javascript"
"quantlib","java"
"highland.js","javascript"
"asynchttpclient","java"
"famo.us","javascript"
"narwhal","javascript"
"ninjakit","javascript"
"koding","java"
"galsim","python"
"jparsec","java"
"minimal-json","java"
"openerp-8","python"
"geom-bar","r"
"psutil","python"
"masonry","javascript"
"nuke","python"
"rsyntaxtextarea","java"
"jdk-tools","java"
"cookiejar","python"
"angular-bootstrap","javascript"
"jscs","javascript"
"staff-wsf","javascript"
"zul","java"
"figlet","java"
"sjsxp","java"
"webcam.js","javascript"
"vs.php","javascript"
"jssor","javascript"
"qa-c","java"
"pyalgotrade","python"
"ibm-was","java"
"dexy","python"
"usb4java","java"
"mapfish","python"
"sap-fiori","r"
"intelinde","java"
"hdf","java"
"project-wonder","java"
"salesforce-ios-sdk","javascript"
"gist-index","r"
"onedrive","javascript"
"project-avatar","javascript"
"openstack-heat","python"
"jpdl","java"
"webix","javascript"
"do.call","r"
"pyqtgraph","python"
"strict-mode","javascript"
"use-strict","javascript"
"dayofweek","java"
"temporal-difference","r"
"winscp-net","python"
"jsocket","javascript"
"python-watchdog","python"
"music21","python"
"graph-tool","python"
"jaunt-api","java"
"structr","java"
"openscript","java"
"mocha-cakes","javascript"
"lager","r"
"qualtrics","javascript"
"dom-events","javascript"
"jquery-ias","javascript"
"spring-social-facebook","java"
"python-social-auth","python"
"party","r"
"totallylazy","java"
"breeze-sharp","javascript"
"atlassian-connect","javascript"
"extension-builder3","javascript"
"httrack","javascript"
"skype-uri.js","javascript"
"python-parsley","python"
"mongojack","java"
"embedded-tomcat-8","java"
"byte-buddy","java"
"lcc","r"
"psychopy","python"
"olingo","java"
"jsfeat","javascript"
"maptiler","javascript"
"kendo-datasource","javascript"
"magicmock","python"
"hdfstore","python"
"iis-8.5","r"
"marvin-framework","java"
"easyrtc","javascript"
"chrome-web-driver","javascript"
"sendmailr","r"
"rabbitpy","python"
"sarsa","r"
"wildfly-8","java"
"co","javascript"
"sonatype","java"
"file-exists","java"
"gs-collections","java"
"pynsist","python"
"jsonselect","javascript"
"pgu","python"
"meanjs","javascript"
"kendo-chart","javascript"
"observable","java"
"pydrive","python"
"cocos2d-js","javascript"
"d3plus","javascript"
"spring-tld","java"
"vue.js","javascript"
"jcodemodel","java"
"toolrunner","r"
"robobrowser","python"
"localforage","javascript"
"titanium-android","javascript"
"rt.jar","java"
"sat4j","java"
"tooleap","java"
"sjplot","r"
"com.sun.net.httpserver","java"
"renjin","r"
"android-appcompat","r"
"pnotify","javascript"
"gmisc","r"
"shutil","python"
"metalsmith","javascript"
"beehive","java"
"rsghb","r"
"args4j","java"
"pidcrypt","javascript"
"spring-orm","java"
"simplexmlrpcserver","python"
"jalangi","javascript"
"cup","java"
"knockout-amd-helpers","javascript"
"gwt-compiler","java"
"except","python"
"assertion","java"
"threecsg","javascript"
"datatables-1.10","javascript"
"framerjs","javascript"
"data.table","r"
"mincemeat","python"
"apache-celix","java"
"akka-stream","java"
"instafeedjs","javascript"
"jastor","java"
"sbt-web","javascript"
"odoo","python"
"codahale-metrics","java"
"browsermob","java"
"licode","javascript"
"jasmine2.0","javascript"
"4d-database","python"
"fannj","java"
"pg8000","python"
"okio","java"
"jsonschema2pojo","java"
"stratifiedjs","javascript"
"usergrid","javascript"
"asbio","r"
"stringi","r"
"webcrypto-api","javascript"
"mquan-cortex","javascript"
"visualrules","java"
"machina.js","javascript"
"code-climate","javascript"
"grako","python"
"scalejs","javascript"
"greenmail","java"
"facebook-permissions","javascript"
"gasp","python"
"johnny-five","javascript"
"wisdom-framework","java"
"geoalchemy2","python"
"webcl","javascript"
"j2objc","java"
"confirm","javascript"
"quasar","java"
"halbuilder","java"
"flippant","javascript"
"linear-interpolation","r"
"capstone","python"
"tess4j","java"
"pym.js","javascript"
"akka.net","java"
"riot.js","javascript"
"seafile-server","python"
"dacapo","java"
"highmaps","javascript"
"catch-exception","java"
"tingodb","javascript"
"dbsetup","java"
"solrmeter","java"
"concurrent.futures","python"
"redactor.js","javascript"
"chrome-dev-editor","javascript"
"drone.io","java"
"joblib","python"
"tidyr","r"
"vizard","python"
"youtube-iframe-api","javascript"
"openseadragon","javascript"
"grails-2.4","java"
"datamaps","javascript"
"jsprit","java"
"python-curses","python"
"menpo","python"
"antbuilder","java"
"phoria.js","javascript"
"clay","javascript"
"android-cling","java"
"ampersand.js","javascript"
"tizen-web-simulator","javascript"
"jmx-ws","java"
"joauth","java"
"brubeck","python"
"zebra","javascript"
"xcharts","javascript"
"objenesis","java"
"add-this-event","javascript"
"codernity","python"
"type-annotation","java"
"sql2java","java"
"epublib","java"
"anychart","javascript"
"ietester","javascript"
"jsonpickle","python"
"svgweb","javascript"
"javascript-security","javascript"
"javascript-injection","javascript"
"wiremock","java"
"testem","javascript"
"host-object","javascript"
"fit-framework","java"
"deployment-descriptor","java"
"flow-js","javascript"
"java-mission-control","java"
"dltk","javascript"
"documents4j","java"
"openhab","java"
"hugo","python"
"phono","javascript"
"nodobjc","javascript"
"berkelium","java"
"microservices","python"
"tomcat-jdbc","java"
"p5.js","javascript"
"bootsfaces","java"
"ldapjs","javascript"
"shopizer","java"
"window.crypto","javascript"
"jrails","javascript"
"wysihat","javascript"
"mibian","python"
"fla","javascript"
"im4java","java"
"epub.js","javascript"
"mpld3","python"
"rafaeljs","javascript"
"clion","python"
"klein-mvc","python"
"refit","java"
"jxloginpane","java"
"urlopen","python"
"pystache","python"
"languagetool","java"
"geom-text","r"
"gvnix-es","java"
"gvnix","java"
"jsc3d","javascript"
"python-multiprocessing","python"
"objc2j","java"
"classmate","java"
"stringwriter","java"
"biom","python"
"pdf2htmlex","javascript"
"swift-dictionary","python"
"json-web-token","javascript"
"jenv","java"
"typed-arrays","javascript"
"weakmap","javascript"
"pysvg","python"
"ramda.js","javascript"
"qqwing","java"
"winjs-promise","javascript"
"event-loop","javascript"
"contextio","python"
"timedelta","python"
"annyang","javascript"
"htmlelements","java"
"protorpc","python"
"tiny-carousel","javascript"
"vaadin6","java"
"vaadin-push","java"
"sweetalert","javascript"
"json-deserialization","javascript"
"split-apply-combine","r"
"duktape","javascript"
"python-dragonfly","python"
"opensmpp","java"
"rro","r"
"vaadin-valo-theme","java"
"c3.js","javascript"
"elasticsearch-curator","python"
"aws-sdk","java"
"warework","java"
"cookielib","python"
"nlme","r"
"framemaker","python"
"oracle-maf","java"
"sgvizler","javascript"
"keycloak","java"
"jsjac","javascript"
"graphlab","python"
"umlgraph","java"
"parosproxy","java"
"webscarab","java"
"codenvy","javascript"
"jnrpe","java"
"httpclientandroidlib","java"
"ncache","java"
"jsawk","javascript"
"migration-manager","java"
"twisted.internet","python"
"cider","r"
"javacompiler","java"
"canjs-plugin","javascript"
"pdfmake","javascript"
"noamtools","r"
"groovyc","java"
"windows-server-2012-r2","r"
"dendropy","python"
"pygn","python"
"boto3","python"
"qf-test","java"
"heroku-postgres","java"
"rubaxa-sortable","javascript"
"jqzoom","javascript"
"libaria","java"
"generic-jms-ra","java"
"textblob","python"
".net-4.6","javascript"
"simplecaptcha","java"
"cjuitabs","javascript"
"android-jack-and-jill","java"
"screeps","javascript"
"db2-connect","python"
"javascript-automation","javascript"
"dart-web-toolkit","java"
"pivottable.js","javascript"
"telescope","javascript"
"tt4j","java"
"pydatalog","python"
"python-huey","python"
"evaporate.js","javascript"
"jsxgraph","javascript"
"nim-lang","python"
"pyspider","python"
"mox","java"
"custom-adapter","java"
"sublimerope","python"
"dynamics-crm-2015","javascript"
"transitive-dependency","java"
"isomorphic-javascript","javascript"
"rx-py","python"
"try-finally","java"
"bootstrap-growl","javascript"
"moa","java"
"jol","java"
"medium-editor","javascript"
"adfs3.0","r"
"underscore.string.js","javascript"
"chart.js","javascript"
"brain.js","javascript"
"togetherjs","javascript"
"d3py","javascript"
"project-reactor","java"
"abyss","python"
"bpg","javascript"
"javafx-3d","java"
"riemann-dashboard","javascript"
"voluptuous","python"
"xgoogle","python"
"caffe","python"
"eclipse-emf-ecore","java"
"lazy.js","javascript"
"troposphere","python"
"google-project-tango","java"
"quadprog","r"
"teamcity-9.0","java"
"unmarked-package","r"
"namespace-package","python"
"scalalab","java"
"scrapyjs","javascript"
"webspec","java"
"gwt-2.7","java"
"dagger-2","java"
"r-caret","r"
"katex","javascript"
"rvest","r"
"pyccuracy","python"
"gulp-traceur","javascript"
"textctrl","python"
"listctrl","python"
"r-dbi","r"
"bitcore","javascript"
"cfstatic","javascript"
"rsqlite","r"
"radupload","javascript"
"psych","r"
"r-grid","r"
"codenarc","java"
"iterator-protocol","javascript"
"jansi","java"
"bender.js","javascript"
"tinkerpop3","java"
"autopy","python"
"intel-edison","python"
"chunk-templates","java"
"pdfjs","javascript"
"r.net","r"
"skyfield","python"
"scalamock","java"
"aurelia","javascript"
"aeroolib","python"
"parboiled2","java"
"metadata-extractor","java"
"webspeech-api","javascript"
"reactjs-native","javascript"
"pi0","r"
"create.js","javascript"
"alertifyjs","javascript"
"ortc","javascript"
"moea-framework","java"
"acralyzer","javascript"
"jekejeke","java"
"java-9","java"
"getuikit","javascript"
"kallithea","python"
"brooklyn","java"
"auth0","javascript"
"konvajs","javascript"
"google-cloud-trace","python"
"svgpanzoom","javascript"
"pyenv","python"
"danf","javascript"
"goslate","python"
"math.js","javascript"
"dukescript","java"
"twitter-bootstrap-4","javascript"
"gmaps.js","javascript"
"midi.js","javascript"
"elasticsearch-api","java"
"needle-python","python"
"oval","java"
"css-counter","javascript"
"coverage.py","python"
"image4j","java"
"wsgidav","python"
"knockout-1.2","javascript"
"chartist.js","javascript"
"webgl-earth","javascript"
"cursive","java"
"uglifier","javascript"
"taverna","java"
"stem","python"
"pulsar","java"
"echarts","javascript"
"odoo-8","python"
"nativescript","javascript"
"wow.js","javascript"
"argon","javascript"
"materialize","javascript"
"ckeditor4.x","javascript"
"roracle","r"
"javafx-datepicker","java"
"sightcall","javascript"
"weblate","python"
"distributed-r","r"
"preloadjs","javascript"
"tightvnc","java"
"tightvnc-jviewer","java"
"iframe-resizer","javascript"
"sessionstorage","javascript"
"failovercluster","r"
"testfx","java"
"circuits-framework","python"
"virsh","r"
"hapi-fhir","java"
"meteor-tracker","javascript"
"random-js","javascript"
"relay","javascript"
"docto","r"
"alasql","javascript"
"openfb","javascript"
"apache-storm","python"
"buildingblocks","java"
"pytagcloud","python"
"bazel","java"
"modulino","python"
"react-native","javascript"
"duocode","javascript"
"python-os","python"
"jsform","javascript"
"cassandra-stress","java"
"general-sql-parser","java"
"reactphp","python"
"dronekit-python","python"
"jspresso","java"
"folium","python"
"jsdoc3","javascript"
"jqassistant","java"
"pprint","python"
"klepto","python"
"mason-abm","java"
"copperlicht","javascript"
"webdriverjs","javascript"
"tinkerpop-frames","java"
"tinkerpop-blueprint","java"
"evosuite","java"
"slicknav","javascript"
"frej","java"
"java-security","java"
"ice-js","javascript"
"spoiwo","java"
"neo4j-embedded","java"
"zombiejs","javascript"
"mapbox-gl-js","javascript"
"couchbase-java-api","java"
"pyz","python"
"bridge.net","javascript"
"appcompatactivity","r"
"dandelion","java"
"electron","javascript"
"location-href","javascript"
"visual-studio-code","javascript"
"lmfit","python"
"spacy","python"
"joptimizer","java"
"java-money","java"
"jsf-2.3","java"
"pyral","python"
"google-cloud-bigtable","java"
"cordova-5.0.0","javascript"
"wicked-good-xpath","javascript"
"smartmeter","java"
"leakcanary","java"
"bridj","java"
"tetgen","python"
"skulpt","python"
"angular-formly","javascript"
"graphaware","java"
"openmdao","python"
"http.rb","python"
"jolt","java"
"xrebel","java"
"pysal","python"
"ocanvas","javascript"
"openpgp.js","javascript"
"facebook4j","java"
"docx4j.net","java"
"enchantjs","javascript"
"diagrammer","r"
"javascriptools","javascript"
"saratoga","python"
"jchronic","java"
"coffeequate","javascript"
"woe-id","java"
"cucumber-java","java"
"urlparse","python"
"imgix-js","javascript"
"render-to-response","python"
"cocoascript","javascript"
"jira-rest-java-api","java"
"liquidfun","java"
"todomvc","javascript"
"windows-1251","r"
"knockout-extensions","javascript"
"hsqml","javascript"
"helium","python"
"js-cookie","javascript"
"r-bigmemory","r"
"plone-5.x","python"
"jwpl","java"
"webtorrent","javascript"
"openbugs","r"
"matterjs","javascript"
"sutime","java"
"es6-promise","javascript"
"aws-java-sdk","java"
"spark-cassandra-connector","java"
"external-sorting","java"
"prettytable","python"
"hashids","javascript"
"dollar.swift","javascript"
"orson-charts","java"
"aurelia-binding","javascript"
"facescontext","java"
"adehabitathr","r"
"networkd3","r"
"ajaxpro","javascript"
"hg-merge","r"
"basehttpserver","python"
"angularjs-sce","javascript"
"gagawa","java"
"rmiio","java"
"fluent-http","java"
"pulse","python"
"nuclide-editor","javascript"
"lasagne","python"
"nolearn","python"
"apache-commons-csv","java"
"cylon.js","javascript"
"acm.graphics","java"
"quanteda","r"
"websocket-rails","javascript"
"adal.js","javascript"
"alfresco-webscripts","java"
"triflejs","javascript"
"enplug-sdk","java"
"rselenium","r"
"material-design-lite","javascript"
"hubarcode","python"
"cop","java"
"gnuradio-companion","python"
"openexi","java"
"exificient","java"
"visualize","javascript"
"apache-flink","java"
"redux","javascript"
"qt5.5","javascript"
"jbi","java"
"extjs6","javascript"
"cakephp-2.7","javascript"
"twelvemonkeys","java"
"python-webbrowser","python"
"angular-openlayers","javascript"
"prerequesthandler","javascript"
"openjml","java"
"r-zelig","r"
"jsonpointer","javascript"
"openjscad","javascript"
"dt","r"
"ima.js","javascript"
"wso2mb","java"
"webassembly","javascript"
"shinyjs","javascript"
"wso2bps","java"
"behavior-ui","javascript"
"mdanalysis","python"
"google-maps-embed","javascript"
"minimatch","javascript"
"swt-awt","java"
"middle-tier","java"
"simple-spring-memcached","java"
"orientjs","javascript"
"deadbolt-2","java"
"kefir.js","javascript"
"taconite","javascript"
"ng-storage","javascript"
"mlr","r"
"pycaffe","python"
"commercetools","java"
"realityserver","javascript"
"mechanicalsoup","python"
"python-telegram-bot","python"
"offline.js","javascript"
"ibm-bpm","java"
"fluentbootstrap","javascript"
"hibernate-5.x","java"
"biwavelet","r"
"php-phantomjs","javascript"
"guice-servlet","java"
"wicket-1.4","java"
"streamparse","python"
"shinydashboard","r"
"unity3d-5","javascript"
"rep","r"
"rospy","python"
"kendo-tooltip","javascript"
"reasoning","java"
"helmet.js","javascript"
"ocpsoft-rewrite","java"
"jose4j","javascript"
"jsonrpc4j","java"
"java-ee-mvc","java"
"koloboke","java"
"pytumblr","python"
"jetty-9","java"
"fetch-api","javascript"
"jinq","java"
"suitescript","javascript"
"geoext3","javascript"
"cuite","javascript"
"solace","java"
"isotope","javascript"
"classmexer","java"
"moshi","java"
"sejda","java"
"atatus","javascript"
"reproducible-research","r"
"cowplot","r"
"rivr","java"
"fselector","r"
"pdoc","python"
"epd-python","python"
"springfox","java"
"locf","r"
"openalpr","java"
"office-js","javascript"
"custom-element","javascript"
"micropython","python"
"gae-python27","python"
"apache-cordova","javascript"
"python-appium","python"
"kimono","python"
"ablog","python"
"stamplay","javascript"
"yt-project","python"
"charm-crypto","python"
"dotvvm","javascript"
"moxiemocks","java"
"quandl","python"
"apache-zookeeper","java"
"mcs","javascript"
"bcolz","python"
"agile-central","java"
"pythonista","python"
"safari-content-blocker","javascript"
"java-threads","java"
"mapbender3","javascript"
"odoo-9","python"
"stringdist","r"
"pygithub","python"
"oracle-jet","javascript"
"powermockito","java"
"unity-webgl","javascript"
"outlook-web-addins","javascript"
"libxlsxwriter","python"
"lightgallery","javascript"
"css-modules","javascript"
"spring-2.5","java"
"elastalert","python"
"firefox-marionette","javascript"
"webrx","javascript"
"flutter","java"
"stream-django","python"
"j8583","java"
"anko","java"
"edoc","java"
"node-usb","javascript"
"uc-browser","java"
"fastutil","java"
"tipped","javascript"
"splitstackshape","r"
"alt.js","javascript"
"tensorflow","python"
"grapevine","javascript"
"sql-processor","java"
"java-deployment-toolkit","java"
"toolz","python"
"backand","javascript"
"jshell","java"
"apache-commons-lang3","java"
"sp-send-dbmail","r"
"bootstrapvalidator","javascript"
"nd4j","java"
"dragula","javascript"
"shippo","python"
"streamex","java"
"angularfaces","javascript"
"progressive-web-apps","javascript"
"libsvmsharp","java"
"enumerate","python"
"elasticsearch.js","java"
"gluon","java"
"javers","java"
"money.js","javascript"
"cyclejs","javascript"
"marshmallow","python"
"array-push","javascript"
"xml2","r"
"jupyter-notebook","python"
"globalization-pipeline","java"
"sql.js","javascript"
"parse4cn1","java"
"cdi-unit","java"
"timeofday","javascript"
"matplotlib-venn","python"
"pmock","python"
"stream-framework","python"
"javapackager","java"
"inria-spoon","java"
"netbeans-8.1","java"
"jwk","javascript"
"javaagents","java"
"ionic2","javascript"
"tmap","r"
"google-cloud-sdk","python"
"retrofit2","java"
"google-truth","java"
"webob","python"
"particles.js","javascript"
"meson-build","java"
"classifyjs","javascript"
"katharsis","java"
"enzyme","javascript"
"casper-dataset","java"
"sbt-docker","java"
"lektor","python"
"ag-grid","javascript"
"pyre2","python"
"gcloud-python","python"
"restfuse","java"
"indexeddbshim","javascript"
"fusion360","python"
"oboe.js","javascript"
"mobilefirst-console","r"
"django-push-notifications","python"
"rxjs5","javascript"
"drombler-fx","java"
"pretender.js","javascript"
"warc","python"
"pweave","python"
"jobjectformatter","java"
"marklogic-corb","java"
"pivot4j","java"
"asp.net-core","r"
"topicmodels","r"
"libmosquitto","python"
"deeplearning4j","java"
"apicluster","javascript"
"amazonica","java"
"lite-server","javascript"
"inversifyjs","javascript"
"dreemgl","javascript"
"webapp-runner","java"
"musicg","java"
"liferay-7","java"
"flash-selenium","javascript"
"rworldmap","r"
"handlebars.net","javascript"
"ubikloadpack","java"
"jquery-ingrid","javascript"
"msf4j","java"
"nanogallery","javascript"
"avgrund","javascript"
"tubular","javascript"
"mapael","javascript"
"ggfortify","r"
"vivus","javascript"
"morphline","java"
"pressure.js","javascript"
"package-design","java"
"freedomjs","javascript"
"blazegraph","java"
"sendbird","javascript"
"purrr","r"
"tweenjs","javascript"
"jsmin","javascript"
"stampit.js","javascript"
"r-xlsx","r"
"google-app-engine-launch","python"
"aurelia-breeze","javascript"
"gcloud-java","java"
"domready","javascript"
"ferret","python"
"matter.js","javascript"
"korpus","r"
"pyresttest","python"
"jxbrowser","java"
"mxnet","python"
"ava","javascript"
"readxl","r"
"superdesk","python"
"jline2","java"
"copernica-php-js","javascript"
"prefixfree","javascript"
"google-gadget","javascript"
"shinytree","javascript"
"truclient","javascript"
"brightway","python"
"object-reference","java"
"gganimate","r"
"static-constructor","java"
"orbit.js","javascript"
"lovefield","javascript"
"sublime-anaconda","python"
"selenium2library","python"
"dl4j","java"
"jquantlib","java"
"jaxer","javascript"
"lispyscript","javascript"
"winpexpect","python"
"react-redux","javascript"
"venn.js","javascript"
"skypedeveloper","javascript"
"jquery.fileapi","javascript"
"fingerprintjs","javascript"
"fingerprintjs2","javascript"
"recordrtc","javascript"
"db.js","javascript"
"bagplot","r"
"python-coverage","python"
"junit5","java"
"botframework","javascript"
"python-pptx","python"
"sql2o","java"
"rtcmulticonnection","javascript"
"sap-r3","r"
"sap-erp","r"
"sapjco3","java"
"activemq-artemis","java"
"uvcharts","javascript"
"circlize","r"
"theano.scan","python"
"castor-jdo","java"
"highlightjs","javascript"
"accounting.js","javascript"
"wheelnav.js","javascript"
"dlib-python","python"
"pvts","python"
"plumber","r"
"kivy-language","python"
"sifr3","javascript"
"rune.js","javascript"
"djigger","java"
"axios","javascript"
"rtvs","r"
"expectit","java"
"lob","python"
"jack-compiler","java"
"jenkins-2","java"
"mtj","java"
"gdx-ai","java"
"autodesk-viewer","javascript"
"expressiveannotations","javascript"
"hoedown","python"
"holoviews","python"
"jinjava","java"
"js-joda","javascript"
"yara","python"
"tessel","python"
"pyleus","python"
"laspy","python"
"cerberus","python"
"atomineer","java"
"jupyter-console","python"
"jeta","java"
"inspector","javascript"
"ready-api","javascript"
"errbot","python"
"pykafka","python"
"reason","javascript"
"wffweb","java"
"spark-framework","java"
"component.js","javascript"
"nwjs","javascript"
"pagekit","javascript"
"bioservices","python"
"easywsdl","java"
"cubes","python"
"type-equivalence","java"
"google-chrome-console","javascript"
"dism","r"
"objection.js","javascript"
"osg.js","javascript"
"django-viewflow","python"
"apache-kafka-streams","java"
"neo4j-bolt","java"
"windows-iot-core-10","python"
"vue-loader","javascript"
"nse","r"
"daypilot-scheduler","javascript"
"fiware-cep","r"
"scrapy-splash","javascript"
"sortedcontainers","python"
"cloudrail","java"
"httpfs","java"
"xonsh","python"
"ol3-google-maps","r"
"fastjson","java"
"shipitjs","javascript"
"gwt-2.8","java"
"termcolor","python"
"voce","java"
"neurolab","python"
"c++17","r"
"volttron","java"
"d3v4","javascript"
"leaflet-label","javascript"
"bytesio","python"
"comsol","java"
"elastix-itk","python"
"stackframe","python"
"tcomb","javascript"
"opal-framework","java"
"erlang-nif","r"
"googleway","r"
"sortablejs","javascript"
"hls.js","javascript"
"jsefa","java"
"idx","javascript"
"sparkling-water","python"
"moto","python"
"ng-bootstrap","javascript"
"sumo","python"
"gstreamer-0.10","python"
"prevayler","java"
"flexy-pool","java"
"xstream-js","javascript"
"d3.js-v4","javascript"
"cloudcannon","javascript"
"pyzo","python"
"dart-dev-compiler","javascript"
"jus","r"
"mantrajs","javascript"
"json4j","java"
"tarsosdsp","java"
"systemml","r"
"transcrypt","python"
"ijson","python"
"word-addins","javascript"
"gwtupload","java"
"libigl","python"
"text2vec","r"
"fable-f#","javascript"
"rd","r"
"qvtkwidget","java"
"ordercloud","python"
"functools","python"
"etetoolkit","python"
"trackpy","python"
"gettime","javascript"
"vs-everywhere","java"
"copytree","python"
"drakon-editor","java"
"subparsers","python"
"subant","java"
"rdf4j","java"
"iranges","r"
"string.js","javascript"
"mountebank","javascript"
"serde-json","javascript"
"appengine-gradle-plugin","java"
"elevatezoom","javascript"
"ffdec","java"
"hexmachina","javascript"
"jdeps","java"
"flask-babel","python"
"unificationengine","r"
"pogo","java"
"sanctuary","javascript"
"excellentexport","javascript"
"wijmo5","javascript"
"snimpy","python"
"qaf","java"
"monaco-editor","javascript"
"static-factory","java"
"hugsql","java"
"czml","javascript"
"sw-precache","javascript"
"grib-api","python"
"este.js","javascript"
"external-js","javascript"
"eclipse-oxygen","java"
"liferay-velocity","java"
"oracle-ords","java"
"immutables-library","java"
"nameko","python"
"vuejs2","javascript"
"rxjs-dom","javascript"
"applepayjs","javascript"
"yarnpkg","javascript"
"color-thief","javascript"
"sheetrock","javascript"
"forestplot","r"
"typeorm","javascript"
"polymer-2.x","javascript"
"remarkjs","javascript"
"sdmx","r"
"eclipse-collections","java"
"pyjwt","python"
"tidyverse","r"
"virtual-dom","javascript"
"microsoft-teams","javascript"
"mentionsinput.js","javascript"
"odoo-10","python"
"rapidclipse","java"
"proc-r-package","r"
"fuse.js","javascript"
"rx-java2","java"
"python-pbr","python"
"quaggajs","javascript"
"shinyproxy","r"
"emerald-framework","java"
"tidytext","r"
"graphene-python","python"
"phpstorm-10","javascript"
"phpstorm-2016.1","javascript"
"interstage","java"
"pssh","python"
"django-assets","javascript"
"react-native-ios","javascript"
"dynamic-class-creation","java"
"bychan","java"
"pannellum","javascript"
"prompt-toolkit","python"
"rweka","r"
"restframeworkmongoengine","python"
"typedarray","javascript"
"wavesurfer.js","javascript"
"sfdc","java"
"pyclips","python"
"mule-esb","java"
"blogdown","r"
"azure-pipelines","python"
"ibm-mq","java"
"inrule","javascript"
"bnlearn","r"
"shlex","python"
"npm-liveserver","javascript"
"pyeda","python"
"stack-pointer","r"
"index-error","python"
"prebid.js","javascript"
"bulma","javascript"
"next.js","javascript"
"concurrent-ruby","java"
"pafy","python"
"stripe.js","javascript"
"godot","python"
"pytorch","python"
"websauna","python"
"pixiedust","python"
"pixiedust-r","r"
"webdrivermanager-java","java"
"tidyquant","r"
"ruffus","python"
"graphql-java","java"
"pattern-layout","java"
"jboss-eap-7","java"
"match-recognize","r"
"datumbox","java"
"safe-exam-browser","r"
"weex","javascript"
"sanic","python"
"google-cloud-spanner","python"
"jheatchart","java"
"aws-shell","python"
"yawl","java"
"splash-js-render","javascript"
"web-audio-api","javascript"
"deoptimization","java"
"aws-sdk-nodejs","javascript"
"hackmd","javascript"
"soa-model","java"
"pdf-java-toolkit","java"
"react-native-android","javascript"
"exponentjs","javascript"
"ember-bootstrap","javascript"
"react-navigation","javascript"
"simplemde","javascript"
"finalbuilder7","java"
"adobe-pdf-library","java"
"expo","javascript"
"pypeg","python"
"speedment","java"
"chalice","python"
"office-ui-fabric","javascript"
"ggrepel","r"
"fixup","r"
"output-buffering","java"
"glidejs","javascript"
"ecdf","r"
"web-mediarecorder","javascript"
"extjs6.2","javascript"
"nmf","python"
"otree","python"
"playcanvas","javascript"
"seneca","javascript"
"oct2py","python"
"vapoursynth","python"
"moxios","javascript"
"phonegap","javascript"
"typeshed","python"
"dkan","python"
"google-assistant-sdk","python"
"scriptlab","javascript"
"laravel-echo","javascript"
"blessed","javascript"
"allen-sdk","python"
"tatsu","python"
"aiosmtpd","python"
"structured-bindings","r"
"guide4you","javascript"
"discord.py","python"
"synaptic.js","javascript"
"ibm-appid","python"
"ml-gradle","java"
"lance","javascript"
"molecule","python"
"rlang","r"
"ahp","r"
"reactql","javascript"
"virtualfish","python"
"twig.js","javascript"
"onem2m","r"
"symengine","python"
"exoplayer2.x","r"
"r-highcharter","r"
"datastax-python-driver","python"
"archunit","java"
"telethon","python"
"ujmp","java"
"rbokeh","r"
"php-webdriver","java"
"python-sacred","python"
"plotly-dash","javascript"
"nlp-compromise","javascript"
"wolkenkit","javascript"
"typehead","javascript"
"xtermjs","javascript"
"particle.js","javascript"
"numeraljs","javascript"
"jython-music","python"
"ggiraph","r"
"rtweet","r"
"dat-project","javascript"
"smoothie.js","javascript"
"dgraph","java"
"workbox","javascript"
"python-newspaper","python"
"karate","java"
"katalon-studio","java"
"tmb","r"
"tablib","python"
"aspen","r"
"phantomjs-node","javascript"
"stagewebviewbridge","javascript"
"stringio","python"
"del","python"
"apache-velocity","java"
"sygic-maps","javascript"
"or-tools","python"
"npyscreen","python"
"facet-grid","r"
"mapbox-android","java"
"roaster","java"
"puppeteer","javascript"
"testcontainers","java"
"aws-glue","python"
"rx-kotlin2","java"
"anime.js","javascript"
"socketchannel","java"
"arcore","java"
"imebra","java"
"jdeprscan","java"
"mouse-coordinates","javascript"
"selenium-extent-report","java"
"pitchfork","java"
"module-info","java"
"ggforce","r"
"rowname","r"
"dotnetbrowser","javascript"
"google-cloud-endpoints-v2","java"
"jrecord","java"
"gcp","r"
"spotbugs","java"
"edward","python"
"oidc-client-js","javascript"
"diffobj","r"
"unitizer","r"
"websphere-6","java"
"xaringan","r"
"heatmaply","r"
"enomem","java"
"google-cloud-firestore","python"
"rstanarm","r"
"python-pattern","python"
"express-validator","javascript"
"coremltools","python"
"twine","python"
"maven-jdeps-plugin","java"
"libspatialindex","r"
"toothpick-di","java"
"azure-blob-storage","java"
"multi-release-jar","java"
"pygrametl","python"
"rentrez","r"
"smile","java"
"oracle-client","python"
"odoo-11","python"
"vavr","java"
"cypress","javascript"
"google-colaboratory","python"
"surveyjs","javascript"
"java-libpst","java"
"react-props","javascript"
"trix","javascript"
"ibis","python"
"trygetvalue","python"
"s4sdk","java"
"brain-socket","javascript"
"bootstrap-native","javascript"
"xtensor","python"
"pushy","java"
"printjs","javascript"
"visual-studio-app-center","java"
"nestjs","javascript"
"sweetalert2","javascript"
"tinylog","java"
"any23","java"
"reactstrap","javascript"
"ggimage","r"
"weatherdata","r"
"livy","java"
"pip3","python"
"openstacksdk","python"
"python-control","python"
"ggridges","r"
"pipenv","python"
"magick-r-package","r"
"semplot","r"
"pytube","python"
"zxing.net","java"
"glassfish-4.1.1","java"
"ibm-cloud","java"
"yellowbrick","python"
"strophe.js","javascript"
"onrender","javascript"
"safari-app-extension","javascript"
"bobo-browse.net","java"
"rhythmbox","python"
"oracle-cloud-infrastructure","java"
"escapestring","javascript"
"vigra","python"
"django-oauth","python"
"pygraph","python"
"rcrawler","r"
"python-manylinux","python"
"tquery","javascript"
"weppy","python"
"google-form-quiz","javascript"
"npmjs","javascript"
"unpoly","javascript"
"python-dedupe","python"
"luxon","javascript"
"kotlinc","java"
"wixcode","javascript"
"izip","python"
"flask-ask","python"
"teststack","java"
"webcola","javascript"
"metafor","r"
"jss","javascript"
"staleelementreferenceexception","java"
"r-plotly","r"
"chaquopy","python"
"javascript.net","javascript"
"invalidselectorexception","java"
"prisma","javascript"
"detectrtc","javascript"
"cryptojacking","javascript"
"pyforms","python"
"signavio","javascript"
"webdriverwait","java"
"imputets","r"
"lifetimes-python","python"
"rpivottable","r"
"umple","java"
"hypertools","python"
"monte-carlo-tree-search","r"
"pyro.ai","python"
"identity-experience-framework","javascript"
"google-protocol-buffer","java"
"oci-java-sdk","java"
"jpbc","java"
"requests-futures","python"
"servr","python"
"webcam-capture","java"
"nanoboxio","python"
"pyside2","python"
"dynamoose","javascript"
"magic-mirror","javascript"
"ably-realtime","java"
"gamlss","r"
"pxssh","python"
"getpass","python"
"mockk","java"
"webpack-4","javascript"
"hyperapp","javascript"
"apache-curator","java"
"overthere","java"
"qtwebapp","java"
"mopidy","python"
"facebook-prophet","r"
"tabulator","javascript"
"resilience4j","java"
"reticulate","r"
"metpy","python"
"python-pex","python"
"featuretools","python"
"arduino-uno-wifi","r"
"es6-class","javascript"
"chartjs-2.6.0","javascript"
"pylast","python"
"nilearn","python"
"jsapar","java"
"java-http-client","java"
"crow","python"
"drake","python"
"web3-java","java"
"tensorflow.js","javascript"
"mclust","r"
"fluentwait","java"
"divio","python"
"regexserde","r"
"d3-cloud","javascript"
"redux-saga-test-plan","javascript"
"native-web-component","javascript"
"pos","java"
"apache-commons-imaging","java"
"wordpress-4.8","javascript"
"yii2-urlmanager","r"
"capacitor","java"
"pyalsaaudio","python"
"python-bob","python"
"trackjs","javascript"
"jose","javascript"
"java-11","java"
"jython-2.2","python"
"pycryptodome","python"
"stellar","javascript"
"jooby","java"
"xstate","javascript"
"esri-loader","javascript"
"picocli","java"
"android-jetpack","r"
"swiftsoup","java"
"r-lemon","r"
"python-dataclasses","python"
"radare2","r"
"pymodbus","python"
"fluent-kit","javascript"
"afterglow","javascript"
"android-tradefederation","java"
"micronaut","java"
"seamless-immutable","javascript"
"gwmodel","r"
"cbmpy","python"
"ckeditor5","javascript"
"jade-platform","java"
"pwa","javascript"
"desctools","r"
"os.js","javascript"
"frida","javascript"
"casl","javascript"
"dat-protocol","javascript"
"r-graphviz","r"
"microprofile","java"
"bodybuilder.js","javascript"
"ng-boot-box","javascript"
"django-anymail","python"
"augmentor","python"
"pythonnet","python"
"axibase","python"
"thorntail","java"
"pymses","python"
"graphql-spqr","java"
"dart-build","javascript"
"vaadin-flow","java"
"openapi-generator","java"
"content-experiments","javascript"
"zipapp","python"
"drake-r-package","r"
"apollo-angular","javascript"
"qr-decomposition","r"
"betareg","r"
"rtools","r"
"msqc","r"
"nsepy","python"
"pyrfc","python"
"write.table","r"
"python-requests-html","python"
"stimulusjs","javascript"
"find-sec-bugs","java"
"ajaxtags","javascript"
"openlayers-5","javascript"
"bert-toolkit","r"
"javafx-11","java"
"date-fns","javascript"
"gulp-4","javascript"
"stryker","javascript"
"google-compile-testing","java"
"gateone","javascript"
"greta","r"
"v-play","javascript"
"ttx-fonttools","python"
"jfoenix","java"
"asp.net-core-2.2","java"
"netflix-exhibitor","java"
"sharedarraybuffer","javascript"
"takesscreenshot","java"
"selenium-remotedriver","python"
"mapdeck","javascript"
"j2html","java"
"jmeter-5.0","java"
"pyo3","python"
"realm-list","java"
"javaimports","java"
"starcraftgym","python"
"ordereddict","python"
"implicitwait","java"
"pageloadtimeout","java"
"setscripttimeout","java"
"geofirestore","javascript"
"react-native-svg","javascript"
"pynput","python"
"android-vts","python"
"windows-machine-learning","javascript"
"graphene-sqlalchemy","python"
"xeponline","javascript"
"resolvejs","javascript"
"armbian","r"
"plugin-architecture","java"
"ixjs","javascript"
"osmium","python"
"rapids","python"
"uvloop","python"
"node-kafka-streams","java"
"glamor","javascript"
"observablehq","javascript"
"starlark","python"
"zato","python"
"djoser","python"
"wordpress-gutenberg","javascript"
"python-camelot","python"
"d2xx","java"
"r2dbc","r"
"gradle-properties","java"
"cupy","python"
"monetjs","javascript"
"fast-ai","python"
"jamstack","javascript"
"python-unittest.mock","python"
"django-widget-tweaks","python"
"r-telegram-bot","r"
"gpyopt","python"
"python-schematics","python"
"constraint-validation","javascript"
"bogus","javascript"
"python-fire","python"
"python-zappa","python"
"smokejs","javascript"
"torchscript","python"
"libtorch","python"
"asdl","python"
"big.js","javascript"
"react-native-elements","javascript"
"connexion","python"
"abstractset","java"
"python-logging","python"
"selen